id,category,question,answer,tag,date
7830b42a-4081-4b61-ae2b-ffff672b2efa,THIRD,Roombo,Landet som icke är,Drama,2024-03-23
ef2d51e0-a0f7-40d7-83a7-18824aad788e,SIXTH,Livetube,Pete 'n' Tillie,Comedy|Drama,2024-05-29
2e5ac583-c7e3-4623-a63b-b31a75506f71,THIRD,Tagfeed,Invaders from Space,Action|Sci-Fi,2024-08-11
ca24e31d-6801-444a-87c7-55127ac00e77,FOURTH,Oyoloo,Grabbers,Comedy|Horror|Sci-Fi,2024-05-27
451fb356-eb6f-419a-9628-dab009974e82,FOURTH,Bubblebox,Beautiful Joe,Comedy|Drama|Romance,2024-07-18
c86e538e-3c77-4306-84ec-89d351b30e03,SECOND,Gabtype,Clapham Junction,Drama,2024-07-09
2abe0a30-5e2e-4b38-8179-34eaee813c04,FOURTH,Mycat,Nine Ways to Approach Helsinki (Yhdeksän tapaa lähestyä Helsinkiä),Documentary,2024-03-09
e6ab1083-fe98-45d8-a8bd-53327006e921,FIRST,Zoomzone,Amore (L'Amore),Drama,2024-08-28
4ac3d710-4b12-4ac0-8936-2c1100979cc1,FOURTH,Eare,Order and Disorder,Documentary,2024-05-02
3d0f33ba-704e-4392-a84e-4cf9d6b58d50,SEVENTH,Brainbox,Wonderful Days (a.k.a. Sky Blue),Animation|Sci-Fi,2024-08-12
648d59b7-bda4-4fad-a7c9-df4ce8723df7,SIXTH,Livetube,"Brass Teapot, The",Comedy|Fantasy|Thriller,2024-03-13
f10e4e3a-0efb-4369-afa6-fb5c2720318e,FOURTH,Jabbersphere,Evidence,Documentary,2024-05-30
3b7584ff-ce73-4425-97b9-85152df50866,FIRST,Avaveo,Eddie Murphy Raw,Comedy|Documentary,2024-04-01
a3c62c18-7fe6-420f-9c79-9718b1bc9fd2,SIXTH,Jabbertype,K-9,Action|Comedy|Crime,2024-07-23
ca193cab-38d3-4520-8450-75cb4030d692,THIRD,Wikizz,Chasing Papi (a.k.a. Papi Chulo),Comedy,2024-06-09
18adbe8d-489c-4861-899e-d25cb7ffde1f,SIXTH,Edgetag,Uninvited Guest,Drama,2024-08-29
31d300c1-a6a3-4d5f-8e11-832c8a416647,FIRST,Skivee,Flu,Action|Drama|Sci-Fi,2024-06-03
62e3ca0d-bbd1-4310-b235-0b1ceba43235,FIRST,Realcube,Love Walked In,Drama|Thriller,2024-07-23
adaf4e96-2ea7-4b63-94f5-c6b4b61abd3f,SECOND,Oyoba,Nobel Son,Comedy|Crime|Drama|Thriller,2024-07-04
29a7b5e6-0a27-4c65-b58d-65031e6f5061,FOURTH,Centidel,Gamera the Brave,Action|Sci-Fi,2024-04-14
d0e6e478-c4c4-4e96-a5fc-b9d11b500ffb,SIXTH,Omba,"Good Fairy, The",Comedy|Romance,2024-03-03
10e1e0ba-12c4-47e3-b9e9-96314f481aab,SEVENTH,Eazzy,Damned the Day I Met You,Comedy,2024-08-10
f5609500-8a5c-4bfa-8fcb-acbc33a15574,FOURTH,Wikizz,The Hound of the Baskervilles,Adventure|Drama|Horror|Mystery,2024-05-21
937ba59a-5e79-4d53-8c35-1234cbaf8b81,FIRST,Tanoodle,India Song,Drama|Fantasy|Romance,2024-08-29
d39e56e3-9226-49f7-b88a-fe9661f0ad0a,FIFTH,Jabbertype,Age of the Dragons,Action|Adventure|Fantasy,2024-06-21
55cf9193-2234-4acc-bfce-0a680783bb0d,FIFTH,Tazz,"All the Way Boys (Più forte, ragazzi!)",Action|Adventure|Comedy,2024-07-28
e79247d1-3606-4ccd-a48f-91f4bb7ddb24,FIRST,Voolith,Mortel transfert,Comedy|Crime|Thriller,2024-04-18
96cc92ef-ed8e-45ef-89b1-c587950d4d03,FIFTH,Abatz,Bad Boys,Action|Comedy|Crime|Drama|Thriller,2024-08-28
16e5bdea-b3f5-4b1d-89ee-571f4beda072,SIXTH,Minyx,Nanking,Documentary|War,2024-04-17
517aa318-89fc-491b-9363-33fd01756e22,SECOND,Quatz,Eaux d'artifice,Fantasy,2024-05-01
6a05f1cf-1156-40f2-9133-1e24467e76f5,SEVENTH,Tagchat,Witness for the Prosecution,Drama|Mystery|Thriller,2024-08-27
55a47607-ab32-46d7-8142-c6819247fcba,FIRST,Voomm,Nothing to Lose,Crime|Thriller,2024-04-20
627b700f-c3b5-4e36-8cdf-758222d4e430,FOURTH,Rhynyx,Virus,Horror|Sci-Fi,2024-08-26
78ca81d0-dfde-47de-baf4-7ac7e590aefc,SEVENTH,Tagcat,Destricted,Drama,2024-05-16
d2d69581-df11-415f-9e13-1727294aea3b,SECOND,Meevee,"Object of Beauty, The",Comedy|Drama,2024-08-24
b243a31e-9751-44c4-8679-ee2c801bf37a,SEVENTH,Jabberbean,Sixpack (Pussikaljaelokuva),Comedy|Drama,2024-04-15
1d4d4165-ea6f-49c8-8a59-e8be8347f32f,FIFTH,Mynte,Vince Vaughn's Wild West Comedy Show: 30 Days & 30 Nights - Hollywood to the Heartland,Comedy|Documentary,2024-08-18
b23ac730-0ada-478c-b858-ca306c61bb20,FIRST,Skivee,Juice,Action|Crime|Drama|Thriller,2024-05-22
b99d1912-57d3-40d6-82fc-5946fe007894,THIRD,Blogtag,"Fast and the Furious, The",Crime|Mystery,2024-06-15
99537864-e97b-43d6-943f-58be33ef9316,SIXTH,Skibox,Nobody Owns Me (Mig äger ingen),Drama,2024-05-27
2b6a0992-63f8-4e1e-8ac3-e3f17b2a3d37,SECOND,Kwinu,"One-Armed Swordsman, The (Dubei dao)",Action|Drama,2024-07-15
60bd44b7-4338-4ec4-9974-21bc5353d7cf,FIFTH,Flashspan,Private,Drama|War,2024-08-22
2a0e4fa2-a0a9-41ae-a029-cafa1713bc4e,SIXTH,Kayveo,Braveheart,Action|Drama|War,2024-05-24
dce51452-0f2b-4f51-a073-ad67de115454,SECOND,Bubbletube,The Dust Bowl,Documentary,2024-07-22
1c8b7b14-3812-4538-ae36-9e013f319397,FIFTH,Cogibox,Claymation Comedy of Horrors,Animation,2024-07-06
51695351-067f-4fd8-973a-ed5c6799438e,FIFTH,Katz,"Greatest Game Ever Played, The",Drama,2024-04-07
fd53fc6a-529e-4b0a-9676-17aea6fb4aba,FOURTH,Dazzlesphere,Kandahar (Safar e Ghandehar),Drama,2024-05-30
22e8413b-928d-4fb9-9756-416f5a1ad404,FIFTH,Zazio,"China Lake Murders, The",Drama|Thriller,2024-05-19
b721de46-cf47-444d-9409-0f38542a63a2,SECOND,Photojam,Eyes Wide Shut,Drama|Mystery|Thriller,2024-06-26
d6ffacb5-7ee8-455b-a9d5-6b4824c4b3ae,SEVENTH,Realfire,"Nightmare on Elm Street 5: The Dream Child, A",Horror,2024-05-23
d7bfb033-7737-4d27-be7b-91ee966c6a54,FIRST,Skyvu,"Sleeping Car Murder, The (Compartiment tueurs)",Drama|Mystery|Thriller,2024-04-04
fe82708f-92e3-4392-9a75-44a119915074,THIRD,Twitterwire,No habrá paz para los malvados,Film-Noir|Thriller,2024-04-20
1cc2a3c3-88a1-4a67-b6f0-ab6876624e36,THIRD,Jabberbean,Jonestown: The Life and Death of Peoples Temple,Documentary,2024-03-19
3bc6b5b8-648c-47f9-ab02-96e0a8e0fbbc,THIRD,Realcube,Bachelor Party,Comedy,2024-06-21
90adc6a1-8cb8-4669-bd12-041cf8ba0533,SIXTH,Tagopia,First Blood (Rambo: First Blood),Action|Adventure|Drama|Thriller,2024-08-06
f73f14be-9b7b-45a0-a156-7cd20028d17a,SEVENTH,Flipstorm,Pygmalion,Comedy|Drama,2024-07-11
087f45f7-60ff-4a4a-a7b7-c883f04fff2d,SECOND,Eamia,Beyond the Fear,Documentary,2024-03-02
1e3af22e-64d6-4afa-8f29-b0e9a3513777,FIRST,Voonyx,"Breed, The",Action|Adventure|Horror,2024-06-08
72e4fa43-45e1-48b8-85a5-9224b8f58e91,FOURTH,Innojam,Baby On Board,Comedy,2024-03-18
195df052-4ce2-4802-9dbe-e3b2d804a9b7,FOURTH,Brightdog,Arthur 2: On the Rocks,Comedy|Romance,2024-06-09
74f9d139-4c8f-4b27-a79b-982265e55498,SIXTH,Gabtype,Click,Adventure|Comedy|Drama|Fantasy|Romance,2024-06-05
2141ba0c-e8a1-4378-8f48-189b9fce6485,SIXTH,Zoozzy,Village of the Giants,Sci-Fi,2024-03-17
13c7e524-756a-479e-a3c1-aafb402bdab3,SIXTH,InnoZ,I Can Get It for You Wholesale,Drama|Romance,2024-07-08
f74d63cc-99f9-4297-8e88-a9c3ba2770a9,SEVENTH,Kwideo,Honky Tonk Freeway,Comedy,2024-04-10
cc7f4320-1c55-42a8-8f04-325433d99b54,FIRST,Brainverse,I Got Next,Documentary,2024-06-02
5c10f447-9534-45db-9c47-f07e11bb6a64,SEVENTH,Jamia,"Devil and Daniel Johnston, The",Documentary,2024-06-04
6a550772-9765-4b1b-a909-c1dbfb19f2d8,SECOND,Oyoloo,After Midnight,Horror|Thriller,2024-08-04
2c2b2ab6-6b98-4f8d-9eac-26850198588d,THIRD,Tagfeed,Witch Hunt,Documentary,2024-04-11
8157ff14-b8cb-4dc9-a5c0-792338400522,FIRST,Roombo,Solas,Drama,2024-07-27
935dd63c-9a22-4180-8164-5eae0defee2a,SIXTH,Vitz,Robinson Crusoe (Daniel Defoe's Robinson Crusoe),Adventure|Drama,2024-08-23
7640d14a-b353-4423-a021-e6bff9987f1c,FIFTH,Realbuzz,"Prowler, The",Drama|Film-Noir|Thriller,2024-03-15
53bb15ba-6fe6-4e42-a7d7-d2add6b42bd7,SECOND,Thoughtworks,"Trespasser, The",Drama,2024-05-30
5dad051c-9554-47a9-a8b6-2d49cf4a7433,THIRD,Jabbersphere,America the Beautiful ,Documentary,2024-07-24
09e72f20-e5ab-4632-b4e0-cc6ad508f44d,FIRST,Skinix,Bar Girls,Comedy|Romance,2024-04-04
ce451d3e-e9aa-4398-954f-a72fd907e73d,SIXTH,Twinte,Ju-on: The Grudge 2,Horror,2024-04-22
fb953afb-c681-478d-bbdd-4880bfd34372,SEVENTH,Fanoodle,Castaway,Adventure|Drama,2024-06-02
fac1e5de-f598-433b-84f7-13d7259795c3,THIRD,Tagpad,Off the Map,Comedy|Drama,2024-07-03
183fe2f0-3298-4133-8206-9ec49b40c4fe,SECOND,Thoughtsphere,"Art of War III: Retribution, The",Action|Thriller,2024-03-11
3196b719-5005-4909-8689-90f35c7909f4,FOURTH,Buzzshare,"Cat and the Canary, The",Horror|Mystery,2024-05-11
f80c99f3-4b97-4340-ab22-e9a0fbff419e,SIXTH,Eamia,"Ghost of Frankenstein, The",Horror,2024-06-17
aeddd0d4-9c7b-4752-8ff1-b5d32290840d,SEVENTH,Flipstorm,That's Entertainment! III,Documentary,2024-03-24
7ee46870-b6da-4a34-bfcf-5b377d2c0c2b,SEVENTH,Kwimbee,Year One,Adventure|Comedy,2024-06-24
583b7174-feb9-4b2e-b008-9fd94a2db9eb,THIRD,Jabbersphere,Dragon Ball GT: A Hero's Legacy (Doragon bôru GT: Gokû gaiden! Yûki no akashi wa sû-shin-chû),Action|Adventure|Animation,2024-06-23
f5c0b62f-aa9b-46fd-bc11-b97a3bb75913,THIRD,Realbuzz,The Message,Crime|Drama|Thriller|War,2024-04-22
8c7a6bc4-bc68-4898-939d-b7e77ac882d5,SEVENTH,Skimia,Kill List,Horror|Mystery|Thriller,2024-05-19
2e415d45-24d9-494f-b51d-86b0a34d589c,FOURTH,Trilith,That Was Then... This Is Now,Drama,2024-08-28
f7d6210a-3f56-4638-8263-76f806a7b5fd,THIRD,Fivebridge,All the Young Men,Drama|War,2024-06-05
2663ecb6-d7ca-4593-b3c7-a92b43d7a37b,FIFTH,Wikizz,Blue Blood,Documentary,2024-07-22
4c4beb6f-a7cb-4cb1-be7a-1caa0d03fe6e,THIRD,Yoveo,Grosse Pointe Blank,Comedy|Crime|Romance,2024-06-15
fb16de17-8c91-4155-8362-016de7cbeacc,FIRST,Livefish,Boiling Point (3-4 x jûgatsu),Action|Comedy|Crime,2024-04-23
51cdd6da-44a9-4427-9482-c2d9371b1d93,FIRST,Myworks,Aurora,Romance|Sci-Fi,2024-03-11
d8e7b8ad-f0c4-426d-9272-e0ec734c7cb0,FIFTH,Tazz,Michael Jackson: Life of a Superstar,Documentary,2024-05-08
fe9d49ff-981e-4b18-8b41-904fed9ac021,FIRST,Skilith,Loser,Comedy|Romance,2024-05-18
16e315f5-5b2e-4742-90e3-c4ac804b1497,THIRD,Topiclounge,Gray Matters,Comedy|Drama|Romance,2024-06-27
253d0a67-6a36-45cf-a8cb-6b9ba72e1867,THIRD,Fivechat,"Midsummer Night's Dream, A",Comedy|Fantasy|Romance,2024-03-26
dadf487d-bb7f-4b09-8137-89fc46ee3078,SECOND,Kamba,Jayne Mansfield's Car,Drama,2024-03-16
f12eb044-79b4-470e-8425-a74d9e4658b0,FIRST,Ainyx,Jack the Giant Slayer,Adventure|Fantasy|IMAX,2024-08-13
4fdfe43c-c443-43ba-aee7-c34b1dbb9d3e,FIRST,Agimba,Beginners,Drama,2024-07-26
3d8d49c2-e896-42c0-a7d7-387549eee980,SECOND,Viva,Madame Rosa (La vie devant soi),Drama,2024-06-25
c342e1e5-310a-42ea-81e1-6c866e8da996,SECOND,Edgeify,Aks,Thriller,2024-06-29
949bff30-c171-4497-a512-e68138f674da,FIFTH,Skinte,"Woman in the Window, The",Crime|Film-Noir|Thriller,2024-04-16
c6c30dee-57c4-45c2-a72c-fccdbc2c563f,SIXTH,Pixonyx,"Toxic Avenger Part III: The Last Temptation of Toxie, The",Comedy|Horror,2024-08-08
108727f5-6244-42a4-a9f6-2edda3de7727,FIRST,Yotz,Suture,Film-Noir|Thriller,2024-05-21
6a1bb3f1-913e-49df-a2db-adf62581060c,SEVENTH,Thoughtsphere,"Great Sinner, The",Drama,2024-03-24
ec109be4-3906-4f3c-8e32-1ba2817af0f2,THIRD,Midel,To Kill a Priest,Drama,2024-08-02
905ab7b4-017c-4987-80ff-b8d5dd62af96,SEVENTH,Pixonyx,"Hound of the Baskervilles, The",Crime|Mystery|Thriller,2024-03-05
d15f4af4-3d1c-4ef6-8647-1a2747944ea9,SECOND,Eare,Lady Sings the Blues,Drama|Musical,2024-05-23
6058301b-1b57-419f-af1b-dcbd487e7287,THIRD,Feedmix,Flywheel,Drama,2024-04-14
bf3fbcb0-0157-4cba-b7a5-993af2ae21b9,FIRST,Jatri,The Butterfly Effect,Drama|Sci-Fi|Thriller,2024-03-18
96f1e6c1-750f-4b8e-89d3-f0f1e3a1b0dd,FIRST,Shufflester,"Day the Earth Stood Still, The",Drama|Sci-Fi|Thriller,2024-08-20
65526059-f897-4121-99e7-eee2905aa48f,FIRST,Teklist,"Secret Garden, The",Children|Drama,2024-08-30
d57e0772-201f-41be-bf34-3fff228dfcc8,SIXTH,Fivespan,"Great Stone Face, The",Documentary,2024-07-04
64356cd4-9694-4f02-8eaa-64cf47de6d0c,THIRD,Browsecat,Aladdin,Adventure|Fantasy,2024-08-15
5e0e48b1-d840-4e3f-a613-c09d1ce21ba1,SECOND,Trunyx,The Fox and the Hound 2,Adventure|Animation|Children|Comedy,2024-04-27
378183cd-c714-4075-b2a6-b107b7270bf6,SEVENTH,Livefish,Gone in 60 Seconds,Action|Crime,2024-05-09
3947a376-90b9-45c3-bc03-7dd2dc5a3363,SEVENTH,Eayo,Bitter Sweet,Drama|Musical|Romance,2024-08-18
ac712ace-3fa3-459e-84ab-867af8878bfe,FIFTH,Kimia,Chinaman (Kinamand),Drama,2024-07-06
2b3bb84b-eb52-417a-b317-bb5e975b310a,FIFTH,Talane,"Soldier's Plaything, A",Comedy|Drama|Romance|War,2024-06-04
a2e34706-fb6e-4431-b6b0-71ced4d3e2bf,SECOND,Aimbo,D.O.A.,Documentary,2024-04-27
64a09bce-cab5-4be6-914c-d210f5e05c6e,THIRD,Skyndu,"Maze Runner, The",Action|Mystery|Sci-Fi,2024-04-23
d7038488-bf7b-47be-baec-8a5046763983,FOURTH,Browsedrive,One 2 Ka 4,Action|Comedy|Drama,2024-06-07
bd40bc66-e56c-4c34-9711-3d1c96d7c258,SEVENTH,Centimia,"Institute, The",Documentary,2024-03-13
1f293295-b845-49dc-9946-5d45720affe1,SEVENTH,Skiptube,"Nightmare on Elm Street 3: Dream Warriors, A",Horror|Thriller,2024-06-22
0f27eb71-49d0-4292-8c19-81b4685dc4d8,SIXTH,Linkbridge,Honey (Miele),Drama,2024-04-04
3fd81554-8a0e-4c06-8519-c3741b19294a,SEVENTH,Digitube,"Kid & I, The",Comedy,2024-05-05
0515956f-2822-457b-b48d-b39545594a74,FIRST,Gigabox,Hotel de Love,Comedy|Romance,2024-03-19
7fe2aaa6-8616-4b15-b254-521afb31ccb4,FIRST,Feedspan,Uncounted: The New Math of American Elections,Documentary,2024-08-03
13b97065-0b59-4b3d-a37c-11515d43f821,SECOND,Oodoo,Home of the Brave,Action|Drama|War,2024-06-03
26595290-3962-4053-8c20-a5214e8a083e,SIXTH,Zoomdog,"Icicle Thief, The (Ladri di saponette)",Comedy|Fantasy,2024-05-04
934d03ad-c754-47b7-9c94-1f4dadbf1c32,SECOND,Teklist,"World Unseen, The",Drama|Romance,2024-07-28
54f4fae3-2fd8-429e-8f0b-fb06883f1adc,SEVENTH,Roombo,Zero Degrees of Separation,Documentary,2024-04-24
9ecc0ade-27b4-4b24-9604-4c15f5abea6c,THIRD,Divape,100 Years at the Movies,Documentary,2024-06-04
d573647b-ec86-4b54-a854-77220b8523f6,FIRST,Bubblebox,Haunted Echoes,Thriller,2024-08-15
bb3ed6ba-65ba-4bb9-9923-2732416b2370,SEVENTH,Kwilith,"Expendables, The",Action|Adventure|Thriller,2024-04-16
01021289-eba4-4367-8dc0-84eed97f23f9,FIRST,Shuffledrive,Night Tide,Drama,2024-05-05
5f1d02f6-dad5-42c9-aec2-d66412f9c353,FIFTH,Trudeo,Life Is Sweet,Comedy|Drama,2024-07-18
2da25e52-f70f-4f12-86ba-14b29f487e59,FOURTH,Tagfeed,Nights and Weekends,Drama,2024-03-18
bec9aeec-647f-4a85-b371-41cb5104afb2,SEVENTH,Feedmix,Nazis at the Center of the Earth,Action|Adventure|Horror|Thriller,2024-05-23
16adc143-688d-48c5-82b8-e6b0a87c8afc,FIFTH,Yozio,"Not Love, Just Frenzy (Más que amor, frenesí)",Comedy|Drama|Thriller,2024-08-01
4f8dd1f3-61be-49bc-950c-17140bf0d9a5,SECOND,Thoughtmix,Iraq for Sale: The War Profiteers,Documentary,2024-04-30
e6cf2e69-f893-456b-991c-66bfe3852870,FOURTH,Teklist,"Quiet Ones, The",Horror,2024-05-08
4f95def1-79e6-4a45-aaf2-02abc8969b30,FOURTH,Flashset,Open Season 2,Adventure|Animation|Children|Comedy,2024-08-30
c99a90d1-6458-49c3-a0b2-86224b01ad2a,FOURTH,Wordtune,Brother's War,War,2024-03-06
e6de580a-7137-4250-8e30-104ef669e3f9,FOURTH,Trilith,Galaxy Quest,Adventure|Comedy|Sci-Fi,2024-06-07
5015f99c-d38c-4b76-bb72-d6ff7d6e2089,FOURTH,Vimbo,Looking for Cheyenne (Oublier Cheyenne),Drama|Romance,2024-03-28
e3658216-9062-4e18-bd2b-16befaabe017,FIRST,Skimia,"Last Boy Scout, The",Action|Comedy|Crime|Drama|Thriller,2024-08-10
49d5a1c4-0a92-4af1-905f-25889cf8f576,SEVENTH,Wikizz,Rushmore,Comedy|Drama,2024-07-30
ac4d294a-f2e3-4fbe-b87d-eaa7fbc23ce1,THIRD,Tagtune,Hearty Paws,Adventure|Drama,2024-08-14
a89e10ab-2e26-41ea-990e-456bfabc6cd5,SEVENTH,Feedfish,ComDads (les Compères),Comedy|Crime,2024-03-04
201f5d65-1ee6-4d54-9c03-b31c47f1b51f,FOURTH,Wordtune,Black Knight,Adventure|Comedy|Fantasy,2024-07-09
99b64307-1d27-4f12-b128-c6d7f4890840,FOURTH,Thoughtblab,Pollyanna,Children|Comedy|Drama,2024-04-07
b6ada95e-1fe2-4a8c-8b1d-277da53e4e70,SEVENTH,Flipopia,Barbershop 2: Back in Business,Comedy,2024-08-04
2ce3fa01-e6af-47fa-bad4-dac2cb3b4505,FIFTH,Twitterworks,Diary of a Shinjuku Thief (Shinjuku dorobo nikki),Comedy|Drama,2024-05-21
bc12e8b4-8b2b-4c84-b97d-d9771db4860d,FIFTH,Edgeify,"Zero Years, The",Drama,2024-07-11
034a63f1-b809-41b6-a367-1d3247f2ba78,SEVENTH,Katz,Road House,Drama|Film-Noir,2024-07-08
733a0f10-90d9-4274-9870-8831ad5a71f7,SECOND,Meeveo,Satan's Sword II (Daibosatsu toge: Ryujin no maki),Action|Drama,2024-04-24
6b61fad5-0acc-4b03-87d5-c8f12c910c0d,SECOND,Podcat,"Lay of the Land, The",Comedy|Drama,2024-03-18
dd9f6394-e4ce-4999-a821-ee04a7543f3f,FIRST,Fivespan,"Finger, The (Dedo, El)",Comedy,2024-04-14
3f9e254b-1149-4073-ac95-92439d9b015e,SIXTH,Ailane,"Man from Earth, The",Drama|Sci-Fi,2024-08-16
fdad36f0-4d5e-4c04-9785-aeb80ec2aa0a,SIXTH,Kwilith,"Myth, The (San wa)",Action|Adventure|Comedy|Fantasy,2024-03-21
ff890704-74d7-4177-a55c-3408d1a8bfb1,FIFTH,Quamba,Trixie,Comedy|Crime|Mystery,2024-07-09
aa440d85-8f81-4c3d-803f-0c867632fc9f,THIRD,Bluezoom,Transcendent Man,Documentary,2024-08-23
6b23ecea-65b6-4dcf-babb-674ab5561cf6,FOURTH,Zooxo,Hollow Man,Horror|Sci-Fi|Thriller,2024-06-30
855ba39c-0355-4f2f-aa94-78d537d703ab,FOURTH,Centimia,Dark Passage,Crime|Drama|Film-Noir|Romance|Thriller,2024-08-08
03f94f47-282a-4e1d-a470-18342b07fa88,FIFTH,Zooveo,"Crude Oasis, The",Drama|Romance,2024-08-14
c96c1934-d12e-4a92-8b9d-cda65549e692,SEVENTH,Twitterworks,"Toxic Avenger, Part II, The",Comedy|Horror,2024-06-22
c6e461c1-09d1-47ac-bc98-6816916cb2bf,SEVENTH,Gabspot,Cheech and Chong's Up in Smoke,Comedy,2024-06-10
e0555967-652f-41d0-ab19-c66227276d4d,SECOND,Dynabox,"Blood of a Poet, The (Sang d'un poète, Le)",Drama|Fantasy,2024-07-01
9812c4a1-cfd3-4296-b9ad-f821c743081a,SECOND,Twitterwire,Turn of Faith,Crime|Drama,2024-03-26
50fa0a82-5ac3-46b9-9e85-ddf5a4fc9d78,SECOND,Jaxbean,Whoregasm,(no genres listed),2024-06-09
5095a1f4-4735-43e3-9a41-830026ddc68f,FOURTH,Shuffletag,"Woman Under the Influence, A",Drama,2024-04-05
500eba0a-9116-476f-823b-2e21133c4cdc,FOURTH,Cogidoo,Robin and the 7 Hoods,Comedy|Crime|Musical,2024-04-08
2ceaa0d2-70f5-4ff9-b643-e2c3e88e45e2,THIRD,Leexo,Journey to the West: Conquering the Demons (Daai wa sai you chi Chui mo chun kei),Adventure|Comedy|Fantasy|Romance|IMAX,2024-06-16
2382e302-dfa4-4765-8002-716fffacbece,FOURTH,Wordify,Bodyguards and Assassins,Action|Drama,2024-06-12
2f4ff7fb-6a89-495e-8530-301d8fc1bcc2,SIXTH,Skyba,Stark Raving Mad,Action|Comedy|Crime,2024-07-01
ee6b0f42-1fd8-45fa-b08c-8bac9b7a320f,FIFTH,Youspan,Personal Property,Comedy|Romance,2024-06-13
2518cd95-40f0-4a41-9aa8-80d4ce5a75ec,FIFTH,Realbuzz,"Company You Keep, The",Thriller,2024-04-09
fa946282-5279-4078-8ca0-4dd7d7ad2d4c,SECOND,Meembee,Vigilante,Action|Crime|Drama,2024-06-19
8b17e528-25eb-438a-b7f1-5befbc849528,FOURTH,Topiclounge,"Glass Key, The",Crime|Drama|Film-Noir|Mystery,2024-08-08
0d268977-1fae-4875-b9bb-6d82d5f51583,FIFTH,Podcat,Dirigible,Adventure,2024-08-02
3a88d6be-bcdb-4912-b2cd-a781663c6411,FIRST,Yakitri,"Unfinished Life, An",Drama,2024-04-27
7fea5b7f-cb21-4af1-aeef-b80011dc96cd,FIRST,Kwimbee,Night Moves,Drama|Thriller,2024-06-15
18e78aa9-e2e5-44ce-9169-1af20ec1a25d,FOURTH,Shuffletag,Dr. Ehrlich's Magic Bullet,Drama,2024-06-20
0530fee7-1eca-4835-9abc-911433a157fe,THIRD,Miboo,Damsels in Distress,Comedy|Romance,2024-04-24
a11765d1-ddfb-48af-b73b-8ff2688e34cb,FIFTH,Skibox,Trader Horn,Adventure|Romance,2024-03-22
1a61b085-0b5c-45a6-8bbd-cd00cd5afc2d,SECOND,Shufflester,"Affair of the Necklace, The",Drama,2024-07-30
b6bc6024-ac98-4232-927f-0bc2cb301c23,FIFTH,Divavu,"Untouchables, The",Action|Crime|Drama,2024-08-13
e8a9e952-7bfd-487c-99a1-6324124de142,FIRST,Skilith,Bodyguards and Assassins,Action|Drama,2024-08-19
8e8e258f-9ae6-40e0-bef3-5c3fec33d547,FIFTH,Oodoo,"Alibi, The (Lies and Alibis)",Comedy|Drama|Romance,2024-04-27
70652f4f-8c0f-41eb-be2e-a4486dc6fe6d,SECOND,Yodoo,"Boy in the Striped Pajamas, The (Boy in the Striped Pyjamas, The)",Drama|War,2024-05-11
6e1a6bcb-30d6-4377-ab4f-71ea2eae62ae,FIRST,Kwideo,Love is Eternal While It Lasts,Comedy|Romance,2024-07-23
791df1c0-05cc-4a7f-8c0a-22668b91d959,FIFTH,Babbleblab,Shadow Boxers,Documentary,2024-08-28
e4e8c091-67dc-4b00-8857-ee411ac5988a,FOURTH,Jaxspan,"Son of No One, The",Action|Crime|Thriller,2024-08-30
28b8c60b-d9e1-4893-a8a3-6d598fca882c,FIFTH,Browseblab,K.G. (Karate Girl),Action,2024-04-27
8c20ad32-143c-49c8-870b-4037944470e7,FIRST,Myworks,Madeline,Children|Comedy,2024-07-23
e69a8334-ce19-4dc1-ad71-59f87cbaed15,SECOND,Cogidoo,Samurai Cop,Action|Thriller,2024-04-28
888ca52e-6327-4b02-884f-31f9e66cecc7,SECOND,Fliptune,101 Dalmatians II: Patch's London Adventure,Animation|Children,2024-06-09
93738a51-2ded-4e3e-8a9c-2a909a781eec,SECOND,Voomm,"11'09""01 - September 11",Drama,2024-07-04
1683550a-7fa4-4a2c-84aa-9a18e7eab385,FIFTH,Janyx,Babette's Feast (Babettes gæstebud),Drama,2024-06-09
62291f94-7420-41cc-afc0-f435ccb9e169,SIXTH,Leenti,Dragon Fist (Long quan),Action|Drama,2024-05-26
9cfff969-8c7e-438c-95cd-02f2228a1551,SIXTH,Aivee,Lottery Ticket,Comedy,2024-03-05
c1de7e17-2c13-4813-8996-11cd4ba51a38,SEVENTH,Agivu,Leningrad Cowboys Go America,Comedy|Musical,2024-06-23
ba31bddf-9028-4b13-af58-c379254ea943,THIRD,Divanoodle,"South, The (Lomalla)",Drama|Thriller,2024-07-03
018407e5-8bf7-4ab5-b6e6-6f7858077209,SIXTH,Voonder,"House on 92nd Street, The",Drama|Film-Noir,2024-08-15
8666cb56-8a63-498d-904e-56f3569f47ed,FIRST,Skiba,Covert Action,(no genres listed),2024-05-30
1baa00f6-8d1b-40c6-8f85-e709fce702bc,SECOND,Rhybox,"Hunt for Red October, The",Action|Adventure|Thriller,2024-04-20
d7405908-5327-4bdd-bf37-535cc31adfd6,FIRST,Ntag,Signs of Life (Lebenszeichen),Drama,2024-04-28
8281a4ab-babb-4910-b1ac-98f0205848ff,FIFTH,Browseblab,Religulous,Comedy|Documentary,2024-07-27
c73fb3b3-e289-4418-8218-3798aa321650,SECOND,Youfeed,It's Kind of a Funny Story,Comedy|Drama,2024-07-20
d06ae743-6f80-4e83-9704-ba90afbc4843,SIXTH,Twitternation,"Gauntlet, The",Action,2024-04-20
84387371-b2eb-4782-bccd-bb544f4f8f25,FIRST,Mudo,DOA: Dead or Alive,Action|Adventure,2024-06-08
6528928b-cc75-4849-b10a-dd5798daf666,SIXTH,Gevee,Pathfinder (Ofelas),Action|Adventure|Drama,2024-05-25
633eafad-6f68-4660-b934-63c9d1653f03,FIRST,Eadel,"Town is Quiet, The (Ville est tranquille, La)",Drama,2024-07-01
1eedebde-4df9-43a7-8f1f-a1d0deeaa53a,THIRD,Yozio,Austin Powers: The Spy Who Shagged Me,Action|Adventure|Comedy,2024-03-08
ce53ff9e-b856-4b00-8f8a-f44872db8918,FOURTH,Gabcube,Santa Claus,Children|Fantasy,2024-04-03
3c0dae93-e7e7-453b-a5d7-ce5a8475fc0d,SIXTH,Tazzy,Silver Bears,Comedy|Crime,2024-06-26
79ca92c8-bea3-44ae-9789-d4c74cbfb09f,SIXTH,Rhynoodle,Plain Dirty (a.k.a. Briar Patch),Drama|Romance,2024-03-25
8db0d2f2-b0b3-4869-b4c2-6c41a0b0e3ad,SIXTH,Dynabox,Hollywoodland,Crime|Drama|Mystery|Thriller,2024-08-30
3288fb35-7ec9-44ab-aceb-353277a05d34,SEVENTH,Wikizz,Torn Curtain,Thriller,2024-08-06
f0cceecc-33a4-4e0d-8a1f-9750bc0e0fa3,SEVENTH,Jaxbean,Sudden Death,Action,2024-03-20
9001309a-4c40-4df3-bdf9-e318ab7c81c8,THIRD,Thoughtmix,Playground,(no genres listed),2024-05-12
4e820956-f4b3-45f0-8011-2cd6e0a5d54d,SEVENTH,Browsecat,"NeverEnding Story II: The Next Chapter, The",Adventure|Children|Fantasy,2024-06-05
96327d43-c966-4ec5-bae5-a6bd5d4802ec,THIRD,Brightdog,Killing Me Softly,Drama|Mystery|Romance|Thriller,2024-06-08
67a4c9bc-0a69-4790-b51f-0f97f0e79c9b,FIRST,Twitterbeat,Big Trouble in Little China,Action|Adventure|Comedy|Fantasy,2024-04-12
c502b9f7-ea35-4e3b-be11-dc20dc1d1323,THIRD,Realfire,Santa Claus,Sci-Fi,2024-08-26
27c0f59e-0b54-4164-b55b-a36341bd512f,SECOND,Babbleset,Shrek 2,Adventure|Animation|Children|Comedy|Musical|Romance,2024-05-27
fc7b88c4-f4a8-440c-8a38-2a2408e7ea19,THIRD,Kwinu,Bunnyman,Horror,2024-08-25
b2f88541-c2b4-4cf0-ba56-40007c28c273,SECOND,Twitterlist,Rob the Mob,Crime|Drama,2024-07-24
5ce88701-bd3a-45ef-8c82-b1bfc2283c2e,SECOND,Vimbo,Pauline at the Beach (Pauline à la Plage),Comedy|Drama|Romance,2024-05-09
33fa0e61-5888-4cb4-8e94-f1d8c4b9b9ac,SIXTH,Quaxo,Blood of the Vampire,Horror|Sci-Fi,2024-03-27
ccbcabe5-a828-4784-898b-39211ba4a41c,SECOND,Zoomzone,Ragamuffin,Drama,2024-07-24
00143ba6-4e30-4afb-8f29-54772b633dbf,SIXTH,Zoombeat,Sister Act 2: Back in the Habit,Comedy,2024-06-04
78d2bc37-dbbd-4de0-96ce-d52e8fb9e82f,SECOND,Shuffletag,Paradise: Love,Drama,2024-06-07
f36163b4-431d-477f-840b-96c27e70688c,THIRD,Yozio,Beachhead,Drama|War,2024-03-28
efa74ee2-8887-41f0-a398-b9ed9b79c574,FIRST,Browseblab,Chocolat,Drama|Romance,2024-04-29
838b1cd9-6044-4ed7-ae0e-8ffda9de01ce,THIRD,Bubblemix,Enthusiasm (Entuziazm: Simfoniya Donbassa),Documentary,2024-06-27
a72aa19a-e7e8-4bd7-ae19-6ed8c533c4ac,THIRD,Riffwire,Unhook the Stars,Drama,2024-06-16
ab98db0b-a9e3-4bec-852c-8861bf343f89,FIFTH,Fanoodle,For Love or Country: The Arturo Sandoval Story,Drama|Musical,2024-03-07
dada99d4-10f5-4c6f-abbd-3473085f0a92,FIRST,Twitterbeat,Noise,Drama|Thriller,2024-07-22
15805188-5cfd-49b5-80c9-1494f39fddc2,SIXTH,Mydo,"Bashu, the Little Stranger (Bashu, gharibeye koochak)",Drama,2024-03-14
83d76be0-9306-49c4-a58f-36aded26e62a,FIFTH,Thoughtblab,Dear White People,Comedy|Drama,2024-07-29
cb19628c-f848-4a82-abef-0e4322f0fde8,FIFTH,Brainbox,"Story of Maths, The",Documentary,2024-08-11
e0719beb-0b3c-4a85-be46-c92d83cd7089,SECOND,Centidel,Nymphomaniac: Volume II,Drama|Mystery,2024-03-10
5cef2867-a70c-4b39-b222-b78f42960dd5,FIFTH,Twimbo,Won Ton Ton: The Dog Who Saved Hollywood,Comedy,2024-07-10
690794bb-c2c0-422c-9c56-a9bf72e5b1d6,SECOND,Topicstorm,Occupant,Thriller,2024-03-29
b30a7519-221e-4efb-bf73-044acc0a6e37,FIRST,Fiveclub,"Passion of Anna, The (Passion, En)",Drama,2024-06-06
76353d77-0580-42fe-b043-b1c9432f0e15,FIFTH,Meeveo,Double Confession,Crime|Drama,2024-05-21
dd81f928-d28b-453a-a18b-450eabfcd96e,SEVENTH,Mycat,"Little Girl Who Lives Down the Lane, The",Drama|Mystery|Thriller,2024-06-04
9df6646e-b0bd-4e8a-8dfa-8c30a8a2052d,SIXTH,Camido,"Education of Mohammad Hussein, The",Documentary,2024-07-24
6665135c-8dc2-4ce8-a3dd-a84e0a80ee25,FIFTH,Photofeed,Diên Biên Phú,Drama|War,2024-07-10
3ccf0e6f-e902-4fdb-9924-19915b242677,SIXTH,Linklinks,Kings of the Sun,Adventure|Drama|Thriller,2024-05-11
f275a502-e5e1-4c9c-be8e-6087e39c6244,SEVENTH,Dabfeed,Trances,Documentary|Musical,2024-06-06
e96053cc-ac62-4b3d-b0f5-9b3afc0a6472,SECOND,Avavee,Transcendence,Drama|Sci-Fi|IMAX,2024-03-11
1dc7323b-85e4-44d9-81ec-14a1857368b8,THIRD,Voonte,We Are The Night (Wir sind die Nacht),Drama|Fantasy|Horror,2024-05-15
80cbeef4-3278-4b0a-a2a9-ab09b48f9b99,THIRD,Latz,The Girls,Comedy,2024-07-20
ae1b3d1e-0b6b-4404-acd2-1c34a11c6d19,SEVENTH,Mydeo,Trial,Drama,2024-08-22
113794b1-97c2-4e46-a1e4-407a5a37e810,FIFTH,Rhyloo,First Squad: The Moment of Truth,Action|Animation|Drama|War,2024-05-10
c97c66fd-108b-4028-95de-bc454acb9350,SEVENTH,Thoughtsphere,Butterfly Girl,Documentary,2024-03-22
4e8c39ce-59f0-43a5-929a-2dc418aecb52,SEVENTH,Quimm,Black Hand,Crime|Film-Noir|Thriller,2024-07-28
67f9ec04-3447-4f71-b56b-f9a7872a5a3d,FIRST,Linktype,"Barber of Siberia, The (Sibirskij tsiryulnik)",Drama|Romance,2024-03-22
56fc68bf-cf8b-43b1-ad47-0fc984ac7f7a,SEVENTH,Vinder,Daens,Drama,2024-03-03
0ee5c4cc-6bde-4059-98b3-44cf751170b7,THIRD,Brainbox,Killers,Action|Crime|Drama|Thriller,2024-08-26
8076448d-fe82-48b9-884b-950fde60bd3c,FOURTH,Dabtype,Born on the Fourth of July,Drama|War,2024-05-22
e7455153-7c42-4687-9fae-9c1187faa8c3,SEVENTH,Kazio,Birth,Drama|Mystery,2024-05-05
1707ac15-15b4-45ea-b08e-a1514ce15a9b,SEVENTH,Zoozzy,Skhizein,Animation|Drama,2024-07-22
5f9ecd91-a019-4007-a53c-6bc8033e093f,SIXTH,Plajo,Our Town,Drama,2024-04-15
1906a363-90c6-4450-9fa2-e5b7c85d9e3b,SEVENTH,Skyvu,"Replacements, The",Comedy,2024-05-18
a1031532-12e6-4a88-b07c-263c163322d0,SIXTH,Eimbee,I Just Didn't Do It (Soredemo boku wa yattenai),Drama,2024-06-20
adf31c30-e82b-422a-84a0-e2777656e4a3,SEVENTH,Cogidoo,Lucky Star,Drama|Romance,2024-07-25
608f4cb1-5680-458f-8751-f2826b494f25,THIRD,Vitz,Star Wars: Episode II - Attack of the Clones,Action|Adventure|Sci-Fi|IMAX,2024-05-18
b68ae365-8ab1-4552-890c-1c2df1b5db62,THIRD,DabZ,"Brothers Lionheart, The (Bröderna Lejonhjärta)",Adventure|Children|Fantasy,2024-06-19
0fff169f-dfd4-48a8-8349-162ba4ff282c,FOURTH,Flashdog,"Year One, The (L'an 01)",Comedy,2024-08-15
e1cc06ff-fc7d-4bc7-8296-b73451edea7e,SEVENTH,Devpulse,Young Detective Dee: Rise of the Sea Dragon (Di Renjie: Shen du long wang),Action|Adventure|Drama|Fantasy|Mystery|IMAX,2024-06-13
da51ee34-4565-4da4-a4d4-e7fc4fbef2e5,SECOND,Dynazzy,Peepli Live,Comedy|Drama,2024-06-18
2eb70eab-fff6-4ade-9161-0ce04de736d0,THIRD,Feedfish,Third World Cop,Action,2024-05-27
a32cced1-9bdd-4f56-85cf-a48b15a08218,FIRST,Centidel,Voices,Drama|Romance,2024-06-26
ab5a6706-622f-4dd7-acc6-80fc87e44837,FIRST,Thoughtworks,10 000 timmar,Comedy,2024-04-17
e4968599-d849-459a-a613-2658d4e6cec9,FIRST,InnoZ,Captive Heart: The James Mink Story,Drama,2024-07-04
f4162690-4fa6-4b71-81bd-36524cdf0fa6,FOURTH,Brightdog,I Woke Up Early the Day I Died,Comedy|Crime|Thriller,2024-05-01
b8c927c6-6ee1-489d-8c78-ff1d53aea3f7,FIRST,Quimm,Crime After Crime,Documentary,2024-03-20
6126f4a6-8cc5-4e25-a874-f088c5c9d232,SIXTH,Gigazoom,Rosemary's Baby,Drama|Horror|Thriller,2024-05-14
e444cb26-53c5-4a40-8df9-e2b3ec819ef7,SEVENTH,Wikido,Mutantes,Documentary,2024-04-20
503dc0c3-fe6b-4458-aba5-1c10736f9d3a,FIFTH,Quamba,Princess (Prinsessa),Drama,2024-07-01
1f7b0d97-017f-4ecb-a71d-f2399effd4d5,SEVENTH,Avaveo,Dr. Giggles,Comedy|Horror,2024-03-07
bb32933c-3206-44f8-af33-b415ff0d9e0c,SECOND,Browsetype,"Chambre en ville, Une (Room in Town, A)",Drama|Musical,2024-03-30
656db231-07d7-4d19-9847-ac9bc92d5cc5,SIXTH,Yakidoo,"Gentleman's Game, A",Drama,2024-07-12
775c0e68-8066-40af-b87d-db81e1f35f37,FIFTH,Miboo,Startup.com,Documentary,2024-05-19
6810b3bb-9821-4992-89d7-c80da28331bb,FIRST,Linkbuzz,Donkey Hide (Oslinaya shkura),Children|Comedy|Fantasy|Romance,2024-04-01
d312324a-145e-4a95-8877-933879f69f55,FIFTH,Realbuzz,Turbo,Adventure|Animation|Children|Comedy|Fantasy,2024-08-08
804a4d14-9c42-4c9d-a9ce-8ad96a44c1b8,FIFTH,Feedfish,Workingman's Death,Documentary,2024-05-30
c3641be2-4e63-4e0b-8ef7-1dcd53d24985,THIRD,Wordify,Preston Sturges: The Rise and Fall of an American Dreamer,Documentary,2024-04-02
72cd7386-98a6-4bfb-acbb-347876bb5f6d,THIRD,Gabtune,Antboy,Adventure|Children|Comedy,2024-08-20
dac0054b-a57b-403d-a3c8-de72046d78be,FOURTH,BlogXS,Effi Briest (Fontane - Effi Briest),Drama,2024-07-11
d059b7d3-0a5f-4cba-a465-865aa59c7f75,FIRST,Quinu,Dinner at Eight,Comedy|Drama|Romance,2024-04-29
4e0b1a9c-6758-463c-b22f-dc1e50b5d8d2,SEVENTH,Dabvine,"Trans-Atlantic Tunnel (Tunnel, The)",Drama|Sci-Fi,2024-06-28
03618453-ec05-4163-a98c-8f566e7dfa9d,SIXTH,Rhyloo,Chop Shop,Drama,2024-07-21
935c98f9-f706-4810-877e-c8a5370f304e,SIXTH,Tagopia,Outpost: Black Sun,Action|Horror,2024-05-16
3dd515de-3f28-42df-abf7-f69b5ce772f5,THIRD,Skinix,Alien: Resurrection,Action|Horror|Sci-Fi,2024-06-18
5e1acde2-3d06-4181-a41a-358e42985042,FIFTH,Flipstorm,Somewhere Under the Broad Sky,(no genres listed),2024-04-30
e427da43-6075-429d-bd5a-9081187c7986,FIRST,Youopia,Jerusalem,Drama,2024-07-22
3029abc6-81bf-4a84-9184-28b912bd706b,FOURTH,Oodoo,Blonde Ambition,Comedy|Romance,2024-06-28
935fbe08-f040-4e48-b5a0-cc0298c1d675,FOURTH,Jabbersphere,Daisy,Drama|Romance,2024-07-03
6cae728e-83d1-4029-9c01-37ffa767fa6d,THIRD,Oyoba,Household Saints,Drama,2024-07-13
e58ab418-8fcf-43ce-a690-d20f2d75e705,SIXTH,Edgeclub,Video Games: The Movie,Documentary,2024-04-03
e4314dcb-1d8b-4284-ad0a-4802c4882f16,SECOND,Talane,Being Cyrus,Comedy|Drama|Thriller,2024-04-19
082c21b3-a6e5-48d8-ad6e-a37bc839f045,FIRST,Youtags,Mr. Klein (Monsieur Klein),Drama,2024-08-14
b18d7b2d-45f3-42f7-9165-f4d9eec191d7,SEVENTH,Thoughtmix,Four Ways Out,Crime|Drama,2024-08-10
d9ac3d8f-c3ce-4022-91b4-282cbb936912,FIRST,Geba,Finding Normal,Comedy|Romance,2024-06-22
c0e86e40-d348-4828-b1a4-453ae398c9d3,FIRST,DabZ,Confessions of a Teenage Drama Queen,Comedy,2024-06-12
839cb00e-7d29-479c-b306-3b9b6f77b09f,SEVENTH,Roomm,Penthouse North,Drama|Mystery|Thriller,2024-05-22
d5f28c98-927e-49eb-8256-f6e2943d8d8e,FIRST,Kwilith,One Point O,Drama|Mystery|Sci-Fi|Thriller,2024-05-31
067538ff-4e0f-4183-8224-9c238f92bd74,FIRST,DabZ,"Commune, La (Paris, 1871)",Drama|War,2024-03-10
450d49d7-54a2-422d-ad3f-c37079e3578b,FIFTH,Trunyx,"Good Night, and Good Luck.",Crime|Drama,2024-04-28
2e0ba7e3-c041-4d13-930f-c9e12b090cdc,FIFTH,Zoombox,"Beyond, The (E tu vivrai nel terrore - L'aldilà)",Horror,2024-04-23
9e1347ab-5610-4bfa-ac9d-6f8424be2ef6,THIRD,Bluejam,Marfa Girl,Drama,2024-03-06
36a6c0f2-a4a4-48a4-81a0-15aefad527af,FIRST,Fliptune,Wonder Bar,Comedy|Crime|Drama|Musical|Romance,2024-05-30
c4645f3f-0518-435e-a23d-1f6b8110de2b,FOURTH,Browseblab,Lovely to Look At,Comedy|Musical|Romance,2024-06-10
b078c1a2-d020-4c9a-9641-3ef551e7d66d,FIRST,Mynte,"Arrested Development Documentary Project, The",Documentary,2024-03-25
433cbb62-98e4-47ee-bc3c-297ca47bab8c,FOURTH,Thoughtsphere,"Borrowers, The",Adventure|Children|Fantasy,2024-04-13
5bbd3b27-3d1d-40f2-aa54-ee32a1c6de9a,SIXTH,Vipe,"Vow, The",Drama|Romance,2024-03-15
69550269-07ad-4408-abc3-fecd0aac6275,FOURTH,BlogXS,Please Vote for Me,Documentary,2024-03-19
024ad72b-e19c-4ae1-9902-6dd895cd59a3,FIFTH,Oyoba,Strike Up the Band,Comedy|Musical|Romance,2024-04-19
17a95f95-7f99-4f02-9771-09d40a4f03f0,FOURTH,Tambee,Four Minutes (Vier Minuten),Drama,2024-05-01
c4d425da-1aa5-4188-a94a-c2ab61b54807,FIRST,Zoomzone,La nación clandestina,Drama,2024-08-28
86e3b930-9f28-472f-bc67-f41f4825a174,FIFTH,Shufflester,Uprising,Drama,2024-06-27
05d65624-4578-4f67-9b37-0be3fc8b673b,FIFTH,Yombu,White Fang 2: Myth of the White Wolf,Adventure|Children,2024-06-22
a9753421-ca26-4972-accc-cd8594d2ce26,FIFTH,Jaxworks,"Ninth Configuration, The (a.k.a. Twinkle, Twinkle, Killer Kane)",Drama|War,2024-07-10
aad4a96a-605d-48ee-9da1-74ced8ebff40,SEVENTH,Twimm,Wanted,Action|Romance,2024-07-20
e946471c-4982-46e0-a180-e74a11683f21,SECOND,Katz,Cutie and the Boxer,Documentary,2024-04-12
8c6386b6-164d-4b3e-a639-db60d9854339,SIXTH,Ntags,Star Trek: Generations,Adventure|Drama|Sci-Fi,2024-04-27
561dc074-70fe-43f7-b6d9-078519adcdbf,FIFTH,Bluezoom,The Police Serve the Citizens?,Action|Crime,2024-05-29
f9dececd-0402-4a0f-8b9e-b9c5df4b5add,SECOND,Mita,Ricochet,Action|Crime|Thriller,2024-04-16
d41e1e4b-4ee4-4c36-94dc-872b3dee4156,FOURTH,Eire,Sons of Perdition,Documentary,2024-06-04
7bbefcbf-11a6-44d7-bfe2-ec7b376420de,SIXTH,Izio,Red Dust,Drama,2024-06-23
326fd384-f7a5-4cb0-b22d-d28cb027924f,SEVENTH,Brainsphere,What Have You Done to Solange?,Crime,2024-03-09
6058d7a5-b748-487a-b29a-541cecadd4bb,FIRST,Dabtype,Divine Trash,Documentary,2024-05-17
c88b5233-6047-4279-86d2-8efdb493ed6a,SECOND,Realbridge,Clear and Present Danger,Action|Crime|Drama|Thriller,2024-04-03
300f42d9-f096-4651-985e-714bc370473b,SIXTH,Brainlounge,We're No Angels,Comedy|Crime,2024-07-10
bbcb34d4-130f-4c74-be64-a2b7c7de5bb1,SEVENTH,Aivee,"Ladies Man, The",Comedy,2024-03-11
72a91528-0339-47de-a289-73c1646ff6b8,SIXTH,Skaboo,Defense of the Realm,Thriller,2024-03-06
01e5ddae-d59e-4efe-99f4-4734f05633c1,FOURTH,Agivu,Witness for the Prosecution,Drama|Mystery|Thriller,2024-06-25
44c5c7e9-3c6d-4d7e-9b0e-a04de37d165a,THIRD,Leenti,Mr. Wu,Drama,2024-07-25
465a6869-ac44-4646-93ef-dd19334d7b3b,FOURTH,Brainbox,Borgman,Thriller,2024-03-08
43b842f4-0954-4ef8-8fe3-a78f2d3964bf,SIXTH,Meedoo,In the Soup,Comedy|Drama,2024-07-28
cee93b11-b835-43f8-a69e-10724d32cd4b,THIRD,Trunyx,Bobcat Goldthwait: You Don't Look the Same Either,Comedy,2024-04-25
77bcc593-3815-4218-8f1e-cf62ea5ca0e8,THIRD,Oyope,Finding Amanda,Comedy|Drama,2024-04-14
dd2825e0-85f3-4a15-81e9-953fc8a234e5,FOURTH,Voolia,Alla älskar Alice,(no genres listed),2024-06-30
77226f55-d617-41d6-81eb-fb5577096c5a,SECOND,Realbuzz,Condo Painting,Documentary,2024-03-22
bf6a0f97-71c5-43a0-a43d-1b605f9e3d9e,FOURTH,Realpoint,Twilight Zone: The Movie,Fantasy|Horror|Sci-Fi|Thriller,2024-07-12
fefb2130-dd1a-4ff6-ad0c-5573468017a3,FIRST,Mybuzz,This Woman Is Dangerous,Crime|Drama,2024-07-22
99228f04-69b6-4f5b-9238-3167f178872e,SIXTH,Skippad,LOL,Comedy|Drama|Romance,2024-04-01
e183c690-308e-45af-9e0a-2f9207fb76e7,THIRD,Dablist,Terror Train,Horror,2024-06-29
d5ce673c-73a0-4927-93aa-f7cd35aa9a08,THIRD,Tagpad,Bestseller (Be-seu-teu-sel-leo),Horror|Mystery|Thriller,2024-06-30
a05dc7f7-d261-4b03-b937-a84a3393b942,FIFTH,Edgetag,Abouna,Drama,2024-06-09
37712145-1076-4fd8-b710-ea7f48b2eabf,FOURTH,Youtags,StarStruck,Comedy|Musical,2024-08-04
640a8f2d-d335-4c3c-b903-9a2ed2f7b8a7,FOURTH,Thoughtbridge,Visit to a Small Planet,Comedy|Sci-Fi,2024-07-09
281e58fa-e4da-45d6-add3-1f58a013379c,FIFTH,Meembee,Priest,Drama,2024-08-08
a245720e-19f9-4875-a462-03eec3a0305a,THIRD,Digitube,"Climb, The",Action|Adventure|Drama,2024-06-27
258ecb5d-bb74-4cd6-91ca-fcd4dd988262,SEVENTH,Skilith,Say Anything...,Comedy|Drama|Romance,2024-07-22
2384914e-a130-43b6-83c8-2a580c08df10,THIRD,Rhyzio,Harry and Tonto,Comedy|Drama,2024-04-20
28225a23-142e-4e91-8df3-529194b97556,SIXTH,Yakijo,Sleeper,Comedy|Sci-Fi,2024-08-06
4f4557f7-39ea-4519-b818-363e9b141123,FIFTH,Dynazzy,Havoc,Crime|Drama|Romance,2024-07-11
fae1fb6e-751c-4913-8a6c-0fb47e3b4420,FIFTH,Voomm,Nine Lives,Drama,2024-07-20
bbbd2220-105c-4bbc-80cb-2da9645c5e5f,THIRD,Brainsphere,Just Visiting,Comedy|Fantasy,2024-03-21
ffd38745-7882-4f33-a223-140983960456,FIRST,Kamba,Toys in the Attic,Drama,2024-08-30
7f66fa2f-bdc8-4589-bde8-1cbe5abe453e,FOURTH,Youspan,"Moustache, La",Drama|Mystery|Thriller,2024-06-09
2a53bcbe-3458-4e0e-810b-93aa3c450cad,SEVENTH,Meemm,Before the Fall (NaPolA - Elite für den Führer),Drama|War,2024-08-13
deca896a-39f2-4fce-b371-d0f0a5d87af5,FIRST,Tagpad,Mr. Freedom,Comedy,2024-08-11
aac4ffce-7ea8-46a4-ab00-4e758f298ed6,FOURTH,Vipe,"Bridal Party in Hardanger, The (Brudeferden i Hardanger)",Drama|Romance,2024-03-29
acdec952-2108-4496-b40d-ec4bed5e9d70,SIXTH,Avaveo,Diana Vreeland: The Eye Has to Travel,Documentary,2024-03-13
f623b127-3a27-43c1-9e68-6a97e4b74e54,SEVENTH,Babbleopia,Mile... Mile & a Half,Documentary,2024-03-29
04f72054-a9bc-4172-a5f4-5c3c31a46445,SEVENTH,Fatz,"Grey Fox, The",Romance|Western,2024-08-27
35ad0213-1a72-4f72-aaec-80dc3633ba81,FIRST,Skaboo,"German Doctor, The (Wakolda)",Drama|Thriller,2024-03-26
9f329afa-7437-4053-a601-2c35d79e329c,FIFTH,Zoomzone,The Prisoner,Drama,2024-03-17
55e71cf9-4495-4dbf-a23f-e506cb2885aa,SECOND,Photospace,Neptune's Daughter,Comedy|Musical|Romance,2024-06-09
e3480a4a-0348-4fa4-b991-72f656967a24,FOURTH,Topdrive,Aragami,Action|Fantasy|Horror,2024-06-03
acf2427e-6e17-4877-b2d9-524ec3880a5b,SIXTH,Eimbee,Beauty of the Day (Belle de jour),Drama,2024-08-30
281841a6-2436-4042-8a9f-990b7d904236,FIRST,Kanoodle,Ecstasy in Entropy,(no genres listed),2024-03-09
ba9bfcbf-0545-412b-bec8-3f6e3fe0094d,SEVENTH,Zoomlounge,Piranhaconda,Horror|Sci-Fi,2024-07-02
79da50b1-7bda-407c-8e5a-8790455b5120,SEVENTH,Dazzlesphere,"5 Deadly Venoms, The (Wu du) (Five Deadly Venoms)",Action,2024-04-07
f42950c5-4fbb-4b5e-b960-7c21d1af85a5,THIRD,Dabjam,Straight Shooting,Western,2024-05-05
9ac856bd-df04-4def-a803-f52d8d0fe6f0,FIRST,Meejo,Little Caesar,Crime|Drama,2024-06-18
897806d1-8aca-4341-838a-e49a049c66e5,FIRST,Skajo,Scatter My Ashes at Bergdorf's,Documentary,2024-03-28
30832619-c2fa-4654-b391-44c5e8b630a0,FIRST,Buzzshare,Price Check,Comedy|Drama,2024-06-22
a0c87740-5a32-4603-8d27-380cf91f141f,SEVENTH,Pixoboo,Blind (Beul-la-in-deu),Drama|Horror|Thriller,2024-04-10
09509955-cbda-443b-89ef-8339e232e053,SIXTH,Flipstorm,Zachariah,Comedy|Musical|Western,2024-04-08
8bdca6af-52ef-416e-96be-9c13e25a044b,FOURTH,Zoonder,"Nature of the Beast, The",Crime|Horror|Mystery|Thriller,2024-04-29
e837b152-7710-41df-8b98-864c84fd6566,SECOND,Jabbersphere,House of Frankenstein,Horror,2024-03-30
6b1ab4c7-9ee5-47c0-90b6-ebccf293eef1,FIRST,Flashspan,River of Grass,Drama,2024-08-25
f28a0498-521d-42aa-bbb4-8ec8c4aee434,SIXTH,Jatri,"Fast Food, Fast Women",Comedy|Romance,2024-04-23
773ac6c7-7094-46a6-9ac2-f49eafbb87a0,SEVENTH,Dablist,Primary,Documentary,2024-04-12
fbd64245-9efc-4e8c-a29b-e7e25c38e906,SECOND,Wordify,All the Real Girls,Drama|Romance,2024-07-24
8b4493fc-819f-4075-aaed-9ae292d4f571,FOURTH,Gigashots,The Divine Move,Action|Crime|Drama,2024-07-03
18bd96e3-e1af-4c86-86c1-81e1db6098d4,SECOND,Tagopia,Clara's Heart,Drama,2024-05-04
92b85227-c5f7-40c4-b583-fd6d3cb128e1,THIRD,Snaptags,Just Pals,Western,2024-07-06
7227bd6d-617e-43f3-b22c-c58c934cdda3,SIXTH,Realpoint,Battles Without Honor & Humanity (Jingi naki tatakai),Crime|Drama,2024-03-06
cd2d9899-d759-4f3b-84fd-8b2c47be8704,FIFTH,Avaveo,13,Thriller,2024-06-17
15c9d4a8-5350-48e6-9775-3a4692b70730,FIFTH,Ainyx,"Je, tu, il, elle (I, You, He, She)",Drama,2024-07-10
feb7e602-6738-4081-996d-a586d3c446fd,THIRD,Voonix,Foreign Student,Drama,2024-08-13
84ada519-5837-41c3-9f14-772f13205b07,FIFTH,Vinder,Living Will...,Comedy,2024-06-19
4a39e979-3555-47ef-9ff4-1febaa16b2df,FIRST,Riffpedia,My Brother the Devil,Drama,2024-05-09
b07ed66c-0779-4390-b578-c80db10b289e,FIFTH,Demizz,Little Miss Marker,Comedy|Drama,2024-06-19
40485116-1dc4-42df-ac8e-2fe7f8c6c673,THIRD,Twitterbeat,Snakes and Earrings (Hebi ni piasu),Drama|Thriller,2024-08-05
75a3eb96-db69-44a5-954a-935fa2e5c0e3,FIRST,Oyonder,Left Behind: The Movie,Action|Adventure|Drama|Thriller,2024-03-03
7dbb6f4d-48c3-4514-b454-46c56dd459ae,SECOND,Jabbersphere,Seal Team Eight: Behind Enemy Lines,Action|Drama|War,2024-04-15
d4c2c6fb-35a2-461e-8353-fb1e46bffa3b,SEVENTH,Tekfly,McQ,Action|Crime|Drama,2024-06-08
be2c5f80-8a77-4e8a-8cd7-c62d40433010,SEVENTH,Katz,Bling: A Planet Rock,Documentary,2024-03-02
43602584-9994-49c7-a2bd-8cab8020dcaa,FIRST,Skajo,Tarzan's Magic Fountain,Action|Adventure|Fantasy|Romance,2024-06-01
895cef54-b7a7-4946-b819-dbb60c00f977,THIRD,Dynava,Zombeavers,Action|Comedy|Horror,2024-08-27
6375fdce-8402-4b76-9d7a-605664724d7b,SECOND,Yata,"Heart Is Deceitful Above All Things, The",Drama,2024-03-22
27cfef81-7673-48d6-9ec3-cde6663cd540,FOURTH,Katz,Strange Behavior,Horror|Mystery|Thriller,2024-05-24
eef38bbc-8c9d-47d7-80db-ced46ad98c2b,FIFTH,Yakijo,Lettera Amorosa,(no genres listed),2024-04-06
789caabe-66d6-4c79-94a8-9c229dbe88db,SECOND,Quamba,Folks!,Comedy,2024-05-28
56807d9c-6ccd-41b6-8730-5548f63059b4,SEVENTH,Voonix,Deathwatch,Drama|Horror|Thriller|War,2024-03-22
0624a93e-1da7-41ad-9b45-6638f66ded3c,FIFTH,Aivee,America: Imagine the World Without Her,Documentary,2024-06-06
78bb2748-281c-4c5b-88e6-015e8f987d45,SEVENTH,Kayveo,Reefer Madness (a.k.a. Tell Your Children),Comedy|Drama,2024-05-10
c5cd4c1e-9296-4af7-a63b-8e4f7c4b8823,FIRST,Eazzy,"Man in the Gray Flannel Suit, The",Drama,2024-03-20
60ba1a5c-f903-4b3d-a3bc-7d2b3007bd0b,FIFTH,Oodoo,The Cheat,Drama,2024-03-11
2474806e-2bd8-4da6-9669-71824beb8c1e,SIXTH,Tekfly,Blackball,Comedy|Drama,2024-04-24
88ae0d16-15e7-4755-bb87-088901671099,FIRST,Eabox,Space Station 76,Comedy|Drama|Sci-Fi,2024-05-03
0bd396d5-93c4-45bb-ae3e-7c068a034ec5,SIXTH,Shuffledrive,Cradle Will Rock,Drama,2024-07-03
1974bae6-5f75-41ec-b352-db1630ae90c5,FOURTH,Voolith,"Lodger, The",Crime|Horror|Mystery|Thriller,2024-06-23
995e5e53-b41b-4eb8-85e7-358fb819787d,THIRD,Tavu,Divorcing Jack,Comedy|Thriller,2024-06-26
413a2d24-0572-49a0-8e19-794f37400055,SEVENTH,Avaveo,Terminal Velocity,Action|Mystery|Thriller,2024-04-26
ec2bbc6c-3ce7-46b1-a71c-d2915d448ba6,SIXTH,Voolia,Satan Met a Lady,Comedy|Drama|Mystery,2024-06-25
156793f2-8e4f-4126-b50b-6045c437181f,FIFTH,Oyondu,My Amityville Horror,Documentary,2024-04-23
d677b38e-16ed-4430-802f-7049183c879a,SECOND,Rhybox,Die,Thriller,2024-04-11
e46370d5-c464-445f-9043-4075cd3767c0,SEVENTH,Zooxo,Monte Carlo,Adventure|Comedy|Romance,2024-03-20
a2d32e04-f3de-49e8-9b22-af875312ba62,FIRST,Kare,Happy Tears,Comedy|Drama,2024-03-24
245d36db-46be-4f32-bf62-d8dc338b6fa2,FOURTH,Zoomcast,Orderers (Les ordres),Drama,2024-03-05
a4a084e3-5fcd-424e-8fbb-bc6ea9a1639a,FIFTH,Topdrive,Tuck Everlasting,Drama|Fantasy,2024-04-21
01c7ea39-d0c9-42a3-bb5d-79b6e056482b,FIRST,Jabbercube,Thawing Out (La fonte des neiges) ,Comedy|Drama,2024-05-05
953b4d60-d470-451a-805b-e0fab77a75a7,SIXTH,Livetube,"Motivation, The",Documentary,2024-06-26
a7062834-1c29-4509-b599-ca7d35eba67b,SIXTH,Skimia,Stone,Drama|Thriller,2024-08-25
d9001be0-bfac-4c74-a25a-d663ec43469d,SEVENTH,Zoombeat,Xanadu,Fantasy|Musical|Romance,2024-07-01
9c7a6be8-f42a-437c-b331-7ba67c0b2699,SIXTH,Gigazoom,Maborosi (Maboroshi no hikari),Drama,2024-08-09
7019ed79-22f4-41ae-9186-a0d270521412,SIXTH,Brightdog,Amandla! A Revolution in Four Part Harmony,Documentary|Musical,2024-05-16
bdc90d76-ac7e-4838-b4af-ffad50cb458a,SECOND,Browsebug,Locke,Drama,2024-06-06
5997fbce-6ca7-4c24-b72f-e8c2190fa2a5,FIFTH,Voolia,Deceptive Practice: The Mysteries and Mentors of Ricky Jay,Documentary,2024-07-09
f8798f23-b341-4efb-b3ec-6fd265577bda,SIXTH,Janyx,Training Day,Crime|Drama|Thriller,2024-06-26
2a87fe91-ac94-492d-bf0c-b21f3382c431,SEVENTH,Meezzy,Cherry 2000,Romance|Sci-Fi,2024-07-15
38520fe8-5a69-4fc2-b201-3382afca15fc,FOURTH,Kazu,Cats & Dogs: The Revenge of Kitty Galore,Action|Children|Comedy,2024-04-04
92d51e3b-2e6d-4f44-ac5e-893b561b2174,FIRST,Gigaclub,Driven to Kill,Action|Crime|Thriller,2024-08-09
efd2326e-6edb-4d1f-8021-2dec12f74daa,FIFTH,Brightdog,Any Wednesday (Bachelor Girl Apartment),Comedy,2024-06-06
05b5a2ae-ce90-4478-bbbb-0f3e7fb3a816,FIFTH,Skalith,Stroker Ace,Action|Comedy|Romance,2024-07-10
29986eb2-d021-46da-a889-387292255f06,FOURTH,Shufflester,Hoffman,Comedy|Drama|Romance,2024-08-14
15fa8261-2f1b-48ec-98e5-c643fcd57ca8,SECOND,Zooxo,Sometimes They Come Back... Again,Horror,2024-08-09
3eb33f02-67ba-41b5-82d6-d4746e496db5,THIRD,Tagopia,Shall We Dance? (Shall We Dansu?),Comedy|Drama|Romance,2024-07-08
ae1a42ac-773c-4480-bb30-80c5d5987a39,FOURTH,Mydo,Once a Thief (Zong heng si hai),Action|Comedy|Crime|Thriller,2024-04-11
740a277b-bf04-4a7e-aadb-51aaf14240e9,FOURTH,Jabbertype,Eternally Yours,Comedy|Drama,2024-03-30
f34c41d2-2d5b-48df-9069-f9368db2bf81,FOURTH,Plambee,"Soloist, The",Drama|Musical,2024-07-07
d6e101ce-b310-4ed9-ab19-1f0647048ccc,SIXTH,Camimbo,Ladrones,Drama,2024-05-06
45c4d9ba-9012-499b-b95e-97216f360b95,SECOND,Fatz,"Last Boy Scout, The",Action|Comedy|Crime|Drama|Thriller,2024-07-17
089b2b9f-2463-4316-8be5-817973b75a05,FIRST,Jazzy,C(r)ook (Basta - Rotwein Oder Totsein),Comedy,2024-05-16
25baad6e-0755-4c5e-958f-d92ecca52fb1,SIXTH,Oyope,Raiders of the Lost Ark (Indiana Jones and the Raiders of the Lost Ark),Action|Adventure,2024-07-25
aa440a5c-6d7c-45b1-bd4d-7ead39d98495,THIRD,Feedfish,"City Dark, The",Documentary,2024-08-27
1e8e5f95-86c0-4731-9b44-d314181ddf9d,SIXTH,Jaxbean,Khodorkovsky,Documentary|Drama,2024-04-20
e6d7f72a-372d-409e-8f8e-dee52907a3d0,FIFTH,Voomm,It Should Happen to You,Comedy|Romance,2024-03-16
ee7b8a73-5f57-4d89-9272-400453c1fe42,SECOND,Cogidoo,Vodka Lemon,Comedy|Drama,2024-08-09
5993b12e-5cce-472f-9b4b-9209d1405a68,SECOND,Flipopia,"Fury, The",Horror,2024-08-13
a0dd7779-31ba-49b2-9ec9-87cde7f702a5,SIXTH,Flashspan,"Scalphunters, The",Comedy|Western,2024-04-19
5ae8b24b-35a9-42aa-a738-70101456525f,SIXTH,Eidel,My Sucky Teen Romance,Comedy,2024-03-22
0a1bf81f-0a9a-4eb5-8c6d-e0e05a0a7f50,FOURTH,Skinder,"Four Days in September (O Que É Isso, Companheiro?)",Drama,2024-07-03
19f08f42-91c1-4941-b8ec-02030cbe0c57,SIXTH,Edgewire,Babies (Bébé(s)),Documentary,2024-06-10
c60b8f98-f9d4-4836-a780-552cbd2c98a6,FIFTH,Bluejam,Starflight: The Plane That Couldn't Land,Drama|Sci-Fi,2024-08-20
48630959-56a3-4d3f-829d-8e75d40ed06a,FOURTH,Bubblemix,Rare Birds,Comedy|Drama,2024-04-23
350cb398-50e0-4d23-b317-121294b89411,THIRD,InnoZ,Animal House,Comedy,2024-07-01
821b5616-2abf-4e2c-95b4-f68c08650a3e,FIRST,Edgeclub,The Magical Legend of the Leprechauns,Adventure|Children|Comedy|Fantasy|Romance,2024-08-03
145fe577-2f3a-48d8-ae55-1193663359db,FIFTH,Jaloo,Speak,Drama,2024-08-25
7117b01f-943f-4824-9a5e-3a391fd5a6d4,FIFTH,Yodel,Two Can Play That Game,Comedy|Drama,2024-06-30
2caaef0c-baed-435e-8f8c-8863c8767182,FIRST,Trudeo,Halo Legends,Action|Animation|Sci-Fi,2024-04-17
f04d42b5-8d2d-46d2-a8aa-d05e37c5dc06,SIXTH,Flashdog,"Star for Two, A",Drama|Romance,2024-08-01
7b256063-9a80-4f6e-8dda-5fc0c2c6e97d,FOURTH,Oozz,Twelfth Night,Comedy|Drama|Romance,2024-05-26
7289b532-944d-492e-8d88-292cd30c455f,FIRST,Meembee,Come Undone (Presque Rien),Drama|Romance,2024-05-03
d2ac5c18-4137-445d-b8d1-9039520cf590,FIRST,Realpoint,Jack and the Cuckoo-Clock Heart (Jack et la mécanique du coeur),Adventure|Animation|Drama|Fantasy|Musical|Romance,2024-03-26
af51fb0a-c438-4a5b-be5d-37ecee314c8a,FIFTH,Zoovu,Let's Get Lost,Documentary|Musical,2024-05-17
f4b7c724-dc5a-4074-9c2e-c4e120103001,FOURTH,Skippad,Planet Hulk,Animation|Sci-Fi,2024-04-15
6a7d24af-3db2-4a21-8af1-8972e276cafd,FOURTH,Dabshots,Bikini Summer II,Comedy,2024-07-23
98d0efe9-9fb1-4e34-b7a9-9bb7530d6709,SIXTH,Kamba,Scratch,Documentary,2024-07-09
61935855-9bea-495d-9bb2-5596a7289f35,SIXTH,Skalith,Kill Me Please,Comedy,2024-05-26
c956f58e-e12b-432f-9c18-55f9e8405e00,SIXTH,Thoughtstorm,"Happy Ending, The",Drama,2024-05-02
d7d2be3b-2d5c-4b9d-9a56-e65ca02008a4,SEVENTH,Oyope,Cop in Drag,Comedy|Crime|Drama,2024-05-27
b381e757-e8fe-4e3c-878f-34496f7d5f2c,SECOND,Photojam,The Well,Drama|Film-Noir|Thriller,2024-08-05
83250089-5f88-4d90-8591-b9024bdfd6ab,SECOND,Meezzy,"Cocoanuts, The",Comedy|Musical,2024-04-29
14a4713b-539c-4205-99e4-be357f68131f,SECOND,Voonder,"Lion in Winter, The",Drama,2024-05-22
0a7dcfa3-d60c-4d69-887c-f2a6fb253145,THIRD,Browsetype,"Act of Killing, The",Documentary,2024-03-26
b0fd21fd-8f5d-48d1-9fd1-2691d826dd60,FIRST,Jamia,Eddie and the Cruisers II: Eddie Lives!,Drama|Musical,2024-05-11
52bea175-5313-43d0-b05b-57cf552287d0,FOURTH,Yata,Animal Farm,Animation|Drama,2024-05-31
6dc093f3-76da-4d8d-879d-1defd6ebbb47,FIFTH,Skippad,Man of La Mancha,Adventure|Comedy|Musical,2024-06-16
81ae4c24-f946-438d-b7ec-b1d92d31240a,FIFTH,Skinder,Kidnapped,Adventure|Children|Drama,2024-06-12
6656e0f9-f39d-45fb-bd02-32de00bea67e,FIRST,Wordpedia,Marley,Documentary,2024-06-23
70657f38-1bc0-42d7-936a-4b5879198b66,SECOND,Blogpad,Special Mission Lady Chaplin,Action|Adventure,2024-04-07
c2032926-83bf-4366-a350-a8dff6420c51,SIXTH,BlogXS,Higher Learning,Drama,2024-07-09
8025d106-2626-45c7-9e34-92d13bc3a61a,FOURTH,Flipopia,Dead Men Tell,Comedy|Crime|Drama|Mystery|Thriller,2024-03-16
3c513ab4-0a83-4de8-adc9-0eb62b2c7133,FIFTH,Oyoyo,Color of Night,Drama|Thriller,2024-08-17
ec2f2ee2-1e67-4f52-9e62-34688a05b3c3,FIFTH,Oyoyo,A Justified Life: Sam Peckinpah and the High Country,Documentary,2024-05-03
d3743201-eb6a-49a9-af5b-ddac9ad6ebc3,THIRD,Eayo,The Frame,Crime|Drama|Fantasy|Romance|Thriller,2024-04-26
0afc727e-ca88-4d6f-b856-2aec46868278,FOURTH,Shuffledrive,"House I Live In, The",Documentary,2024-08-02
bf70c936-254e-4866-8f70-5cdf5ded4ff7,FIFTH,Devcast,Can't Hardly Wait,Comedy|Drama|Romance,2024-06-04
92b9df9b-9c5d-42f3-8235-04ab0a8b956c,SECOND,JumpXS,Lightning Strikes Twice,Drama|Mystery,2024-04-05
cae61511-b251-4889-b9f3-188d5a58b6c2,FIFTH,Meevee,You Ain't Seen Nothin' Yet (Vous n'avez encore rien vu),Drama,2024-07-19
9c3210a0-694c-469b-8d52-c851f4e9776e,FIFTH,Voonte,Shaft,Action|Crime|Thriller,2024-06-12
b66de544-4c4f-4423-a996-8483b28484c2,FIRST,Twiyo,What's Your Number?,Comedy|Romance,2024-04-24
0aa49265-5c38-433c-ace6-75b6f3e6293e,FIFTH,Skivee,"War You Don't See, The",Documentary,2024-08-25
3b8e34ad-e6ea-415d-ab8f-316bedb9c2ed,THIRD,Oozz,Ironweed,Drama,2024-06-04
2a7a59f0-753a-4ee3-afe2-a660cf46eb22,FIRST,Topicware,Chasing Liberty,Comedy|Romance,2024-04-02
2e078ad4-5b98-434c-9fd5-f85f5224436b,FIRST,Dynazzy,Trekkies 2,Documentary|Sci-Fi,2024-07-26
9c1b932d-0479-4ec5-bc14-d80a901dc9b9,FIFTH,Katz,Flight of the Navigator,Adventure|Children|Sci-Fi,2024-04-11
9e5b89a9-b096-4473-b094-4cb56a73ac78,SECOND,Youfeed,Ride Lonesome,Western,2024-06-26
9e447be3-b882-408d-9f4d-7c529cfd844e,FIRST,Tagtune,Pokémon the Movie: Black - Victini and Reshiram,Animation,2024-06-29
7a6c127f-68fe-4580-8120-0574893a6287,SIXTH,Thoughtsphere,The Hearse,Drama|Horror|Mystery,2024-05-06
99a89159-c5d3-4773-9cc5-f8d0b196d4c0,SEVENTH,Midel,All Things Fair (Lust och fägring stor),Drama|Romance|War,2024-07-17
88ddbeec-43c3-41ba-abb7-485bce04a19e,FOURTH,Quimba,Hush!,Drama,2024-07-31
273dcaaf-d768-4f95-bc1c-126638793135,SECOND,Fivespan,Moon Man,Animation|Sci-Fi,2024-05-16
fa315cef-e14c-455e-9240-e1d045563a21,FOURTH,Gigashots,Drinking Buddies,Comedy|Drama|Romance,2024-05-02
e4aa9e92-2ec3-40e0-b583-4880913540b7,SIXTH,Rhycero,Money Train,Action|Comedy|Crime|Drama|Thriller,2024-04-17
b0e811d7-6870-4480-9710-5b1d93a63a71,THIRD,Edgetag,Shamus,Crime|Mystery,2024-04-18
497e7ce3-47c6-4d9a-924f-f67482912873,SIXTH,Dabjam,"Namesake, The",Drama|Romance,2024-06-10
98eb4b87-df97-435e-b326-24743ef5bf61,THIRD,Mynte,All the Rage (It's the Rage),Drama,2024-06-24
e1c28d5e-0051-4120-b304-e8402ad10c6d,SECOND,Gigashots,Fido,Comedy|Horror|Thriller,2024-04-20
39e6f8fa-2b2f-44d5-85fb-1d046ce26c8c,FOURTH,Demizz,Fallen Angel,Crime|Film-Noir|Mystery|Romance,2024-05-02
1ec018a7-0a79-4cc5-8790-16512ed14dce,SEVENTH,Browsezoom,"Naked Man, The",Drama,2024-05-29
87e80c27-a983-4a63-b890-30b5a2739610,FIRST,Browsedrive,Recipes for Disaster,Documentary,2024-03-03
34ae7b5f-86a9-46fb-bc23-7ca5c9d16568,FIRST,Skaboo,Born to Win,Drama,2024-04-20
be8b78d2-c598-4efb-8711-68b4f16cfe9f,SECOND,Dynabox,London - The Modern Babylon ,Documentary,2024-05-16
805881cf-0dbd-46d6-ac9f-07ed1e3e980a,FIFTH,Ntag,Monday Night Mayhem,Drama,2024-07-19
a394b056-1bfb-4744-be8f-7c52becfb892,FIFTH,Quimm,"Dudesons Movie, The",Comedy|Documentary,2024-04-06
47868323-2c3f-4128-b314-fb8fbcea560c,FIRST,Gevee,She's Out of Control,Comedy,2024-03-05
f5b506c0-a105-4409-b33b-d79adbb26d32,THIRD,Dynabox,Missing in Action 2: The Beginning,Action|War,2024-05-12
d9af9b05-2412-48bd-9c44-94c383e4fda5,FIFTH,Eayo,Stage Beauty,Drama,2024-03-09
db442ed9-128c-4820-847b-9e740683cb80,FIRST,Voolith,American Heist,Action,2024-05-17
1e36ac0a-b351-429c-9f95-6b237752f9dc,FOURTH,Meeveo,King of Thorn (King of Thorns) (Ibara no O),Adventure|Animation|Horror|Sci-Fi|Thriller,2024-03-31
4bcced4e-5d79-463a-b489-b45a696825d0,THIRD,Twitterwire,See How They Fall (Regarde les hommes tomber),Drama,2024-06-03
10b5d86f-f0e9-4b90-a32a-a1b1660ecfb6,SEVENTH,Gabvine,Instinct,Drama|Thriller,2024-05-25
0cefc44e-e0bd-4ed2-9b3f-2caa5874c589,FOURTH,Skinte,Funny Farm,Comedy,2024-05-23
8117f510-8cf3-4f32-a78d-371e3c355edf,FIFTH,Cogidoo,Hider in the House,Horror|Thriller,2024-08-17
932eabf0-24af-44b2-8c89-9749e39117cb,SIXTH,Feedmix,Go,Comedy|Crime,2024-08-09
4725fa10-c378-49a5-b233-5ad49c22fa11,FIRST,Vinte,Border Radio,Drama,2024-06-19
d9774163-522b-44ad-9a02-b01ffa1e08bf,THIRD,Kimia,"Muppet Musicians of Bremen, The",Children|Comedy|Musical,2024-07-22
2a2647ed-b8c0-47f7-a2f4-f1798d4c9fa7,FOURTH,Shufflebeat,Stuart: A Life Backward,Drama,2024-03-14
42305357-7924-4f66-a02f-bdabe79ae67e,SECOND,Linkbuzz,Party Monster,Comedy|Crime|Drama|Thriller,2024-03-28
b083f8a6-e3e1-4c6d-8cc3-a466cbaf223e,FOURTH,Bluezoom,Predestination,Sci-Fi|Thriller,2024-08-08
72338135-664e-4f29-88cd-df5a37c2d59a,FIFTH,Dabjam,The Feminine Touch,(no genres listed),2024-04-28
293e32d2-cb09-42a3-b0f1-fcee90f22cd6,SECOND,Yakijo,That's What I Am,Children|Comedy,2024-03-26
30c2e348-25b1-4dae-bef7-6e71a174d1b8,FIRST,Voonte,Rio 2,Adventure|Animation|Children|Comedy,2024-04-17
8497b701-4af5-4190-a9d3-3407a999a007,FIRST,Izio,Holy Flame of the Martial World (Wu lin sheng huo jin),Action|Adventure|Comedy|Fantasy,2024-07-11
d1035fee-a673-4c1f-a882-c7b1165f3fff,SIXTH,Quaxo,Passage to Marseille,Adventure|Drama|War,2024-06-21
017e075b-270c-49f5-bf4c-0554c5fa38b0,SEVENTH,Blognation,3 Days to Kill,Action|Crime|Drama,2024-05-06
9be16b90-ffcb-4dde-945e-93dfa6fc9c87,THIRD,Cogibox,Stone of Destiny,Adventure|Comedy|Crime|Drama,2024-08-29
41ffea7d-f33f-4648-8ab6-2630dc70e9fe,FIFTH,Shufflebeat,$ellebrity (Sellebrity),Documentary,2024-07-01
8bb520f1-9400-4209-99d3-10b169df2c76,FOURTH,Quinu,Burt's Buzz,Documentary,2024-04-17
d3c13669-20da-46f0-b0dd-cfb02c6a82dd,SEVENTH,Kwimbee,Metroland,Comedy|Drama,2024-08-25
c34d9d03-ff6b-4c82-9aec-f0430195d685,SIXTH,Zoomzone,Thief of Hearts,Drama|Thriller,2024-08-08
166e381a-6b79-4d9d-bccb-f836d6c46fb8,SEVENTH,Voomm,It's a Disaster,Comedy|Drama,2024-03-19
5c69795e-52fa-4612-97bc-35f75732ca5c,FOURTH,Eamia,Our Family Wedding,Comedy,2024-07-15
81f33d09-1394-439a-a160-47914ec296a8,SIXTH,Eidel,Candyman 3: Day of the Dead,Horror,2024-03-30
f855a18e-3fc1-42f6-8459-48720844107b,SECOND,Jaxworks,Bloodsport 2 (a.k.a. Bloodsport II: The Next Kumite),Action,2024-03-11
68dc06e3-1831-494c-81d8-538c32011418,THIRD,Tanoodle,Employees Leaving the Lumière Factory,Documentary,2024-07-22
572731b7-3b78-4346-a95e-ed27e60f09a7,SIXTH,Kazio,Burton and Taylor,Drama,2024-05-29
e8226928-3606-423b-bf45-4142459de80b,THIRD,Rhybox,Swing Shift,Drama,2024-06-05
362bce67-6850-4cc3-859e-6c84328e212c,FIFTH,Jabbercube,"Round-Up, The (Szegénylegények)",Drama|War,2024-08-05
1f0c5b00-a357-4c0e-8722-4d30feffff8d,THIRD,Meeveo,Friday Night Lights,Action|Drama,2024-07-11
326775dc-bbd7-46a3-bca2-d2f2739f6d36,FOURTH,Quatz,That Hamilton Woman,Drama|Romance|War,2024-05-08
b85d2a39-d943-4a25-a650-86740c1f38e2,FIRST,Photojam,Skokie ,Drama,2024-03-12
97b76b07-6890-4ab0-9c71-afa8d43e37cc,SEVENTH,Devify,The Crown Jewels,Drama|Fantasy|Romance,2024-07-01
af1367aa-c5ef-4e36-b453-6205592346b9,SEVENTH,Abatz,"Last Seduction II, The",Crime|Drama|Thriller,2024-06-08
4e7228e4-b882-4b0e-acba-660962a892c9,SIXTH,Layo,Blackout,Horror|Thriller,2024-05-02
4d7b773e-a8a0-46ba-9cac-01229fb378ee,SIXTH,Babbleset,Boy Culture,Drama,2024-08-26
5c60384a-ee6e-4705-afd2-87d107ae37cd,SIXTH,Thoughtmix,Stand Up Guys,Comedy|Crime,2024-06-11
00e6e55a-09c3-41d0-ac38-d6f1226e7b74,FIRST,Jabberstorm,Kinky Boots,Comedy|Drama,2024-03-18
f7b98d89-80d2-4b12-8b7d-7e42f4126e86,FIRST,Agivu,Lucky Luke: The Ballad of the Daltons,Animation|Children|Comedy|Western,2024-05-19
f898af8c-9eab-4c93-8da3-7099a19a018a,SIXTH,Twimbo,"Texas Chainsaw Massacre, The",Horror,2024-07-06
de858c9f-3e7e-476f-b5af-53fa252522c7,SIXTH,Linktype,My Perestroika,Documentary,2024-03-13
dafcb0ec-f81b-40ee-8eeb-d26235310490,FIFTH,Mydo,"Gate II: Trespassers, The",Horror,2024-07-27
d5ae38ec-8cb3-40be-934d-9d8577dc4ff1,FIFTH,Dynazzy,"Remember the Daze (Beautiful Ordinary, The)",Comedy|Drama,2024-04-04
68bb4717-9f2f-4e8f-a549-d4bb15bd1e29,SEVENTH,Yodo,God's Gun,Western,2024-06-19
913b431d-3dd7-4d2f-b720-dd6b667d7a57,SECOND,Tekfly,"Long Kiss Goodnight, The",Action|Drama|Thriller,2024-06-04
50c37883-6e12-4d58-bcab-1b276a87d6dd,SEVENTH,Twimm,Playmobil: The Secret of Pirate Island,Animation|Children,2024-05-06
089126b1-8d23-4e51-98ad-b3fbaade5150,SIXTH,Bluejam,Bamboozled,Comedy,2024-05-04
3e51529d-c345-4e03-8719-9d39cc6c5b64,FOURTH,Camido,Scum,Crime|Drama,2024-08-21
5680cbe7-9325-44ed-a5ff-e008eca3051e,SIXTH,Twiyo,Death Defying Acts,Drama|Romance|Thriller,2024-07-08
0996bb82-278d-4501-b149-cb2581f3d5a9,SECOND,Fliptune,Topaze,Comedy,2024-08-18
e9aa78d9-73c8-44e7-9191-13ee58f2c751,FOURTH,Dabtype,"4th Floor, The",Thriller,2024-08-15
cf26a036-2137-402f-9244-4cb3fb9ecdc9,SIXTH,Twiyo,Presumed Guilty (Presunto culpable),Crime|Documentary,2024-08-22
040d54fa-ab80-4868-8c6e-f9dbd8756201,SECOND,Dabshots,"Marquise of O, The (Marquise von O..., Die)",Drama,2024-04-26
c7f6c74b-8981-4d05-a52d-7761dfce025f,FIFTH,Eazzy,"Hollywood Knights, The",Comedy,2024-06-24
c87c7397-5fe7-4d1c-bbbf-03fe409a26b7,FIFTH,Agimba,Spin (You Are Here),Comedy|Romance,2024-04-30
24cc363b-7538-4b4d-ba6c-c325b94e5407,THIRD,Feedfire,Laissons Lucie faire !,(no genres listed),2024-08-05
ff88b398-5436-491d-b218-7f3957124c58,FOURTH,Aibox,Falling in Love Again,Comedy,2024-08-25
4b768c3c-adfd-4585-a966-bdec43af8de2,FIRST,Edgeify,No Where No One (Hich Koja Hich Kas),Drama|Romance,2024-05-01
2671eb04-bac8-4d9b-9651-b9f19b5cb5dc,SIXTH,Twitterbridge,Poseidon,Action|Adventure|Thriller|IMAX,2024-06-19
039c2cc2-bcf0-4c5d-8281-fc7addfb4ccf,SECOND,Flashspan,Ninjas vs. Zombies,Action|Comedy|Fantasy|Horror,2024-07-26
e568ddd8-335a-4cdd-98fd-73de03102610,SEVENTH,Divavu,Bertie and Elizabeth,Drama,2024-03-03
e89e8533-e9f2-4525-adbd-97ea1c5fd7a4,THIRD,Topiczoom,The Incident,Crime|Drama,2024-05-23
64244f7a-84b9-475c-aba4-74282d115ff9,SIXTH,Meeveo,Man for a Day,Documentary,2024-07-16
68d59ed9-6d37-48db-a4e4-6f64a77c12b5,SIXTH,Abatz,Everything or Nothing: The Untold Story of 007,Documentary,2024-07-08
51019d3e-b3aa-4ed1-97f0-d2e1c33c955c,FOURTH,Voolith,"Abominable Snowman, The (Abominable Snowman of the Himalayas, The)",Horror|Sci-Fi,2024-08-21
98889230-ac34-46bc-b641-6bc3a2e3f839,SECOND,JumpXS,"Bourne Legacy, The",Action|Adventure|Drama|Thriller|IMAX,2024-03-14
51c59052-7a81-4b58-82a8-7f0336e3279e,FIFTH,Flipstorm,Elles,Drama,2024-07-18
bb205471-68ac-4594-9fb7-cc98fd0c6c78,SECOND,Rhyzio,Journey to the Center of the Earth,Action|Children|Fantasy|Sci-Fi,2024-04-07
817f2307-f70b-49af-8afb-5f115244735f,FIRST,Skibox,Only You,Comedy|Romance,2024-04-06
7b8799bf-083d-401e-b545-4277520e6418,THIRD,Zoomdog,Tell,Action|Crime|Drama,2024-07-30
082b0072-5d25-4d48-b345-84fbca16e802,SECOND,Twitterwire,Cop Out,Action|Comedy|Crime,2024-04-03
9c3b87d5-125a-4445-80b8-af0992e29263,THIRD,Abata,Vigilante,Action|Crime|Drama,2024-05-19
3486abe0-c9e0-421d-ab31-01e56ec17271,THIRD,Quinu,Limuzins Janu nakts krasa,Comedy|Drama,2024-04-05
1d32c824-8a62-421e-b60d-736df61e0f0f,FIFTH,Buzzshare,Fantomas (Fantômas - À l'ombre de la guillotine),Crime|Drama,2024-06-29
24cee472-32cd-4fd8-bc10-820a630a94ba,THIRD,Youopia,Amongst Friends,Crime|Drama,2024-05-02
9569df03-73ff-4502-8703-473494be085e,SEVENTH,Gabvine,Magnum Force,Action|Crime|Drama|Thriller,2024-05-15
cda695ce-1959-43b3-bef9-c5f5fb710ea2,FIRST,Zoonoodle,Lady in Cement,Crime|Drama|Mystery|Thriller,2024-08-24
d8b7af10-b240-4526-be51-6325216c2629,FIFTH,Browsecat,The Devil and the Holy Water,Comedy,2024-05-04
ed64460c-082d-45d4-ac36-4af45cb97218,THIRD,Zoomcast,"Kid from Brooklyn, The",Comedy,2024-07-02
9b2fc3b7-2225-4a86-b3cf-e7694766f926,SIXTH,Gabcube,"Stranger, The",Drama|Film-Noir|Thriller,2024-05-19
dad846ec-708d-4904-b88b-b08e9199dcc5,THIRD,Centimia,Crocodile Dundee in Los Angeles,Comedy|Drama,2024-05-13
16937f08-5723-4a60-a750-7e6b59f6ebd7,FIRST,Devbug,My Old Lady,Comedy|Drama,2024-05-05
3c5ac8cc-c7f3-4f86-ad17-b2b0a9c784af,FIFTH,Vinte,Wake of Death,Action|Adventure,2024-08-14
342c9533-ab78-4c1c-94af-4f8da3f50821,SEVENTH,Tazzy,"Iceman Cometh, The",Drama,2024-05-20
6fb91d29-c7ec-4549-b1b3-a24394ec8be9,SEVENTH,Ntag,Lady Death,Action|Animation|Horror,2024-05-30
29938fa8-3fa1-4cfa-b57f-17da712fd3c4,FOURTH,Oyope,Waking Life,Animation|Drama|Fantasy,2024-05-01
6b5c12fe-cb5e-4618-84b6-47b59307ac13,FIFTH,Thoughtbridge,Born American,Action|Drama|Thriller,2024-06-09
c1384978-068f-4695-9e0a-290ccc20de04,SEVENTH,Bubblebox,Fierce Light: When Spirit Meets Action,Documentary,2024-07-21
7a2b6201-7169-4d0c-b74b-a79c9df8d156,FIRST,Quaxo,The Black Devil,Comedy|Fantasy,2024-06-20
d069013a-9f2b-4ebd-b5bc-92ea4414fabd,FOURTH,Zazio,Guess Who,Comedy|Romance,2024-08-09
61372ab1-c821-4a44-8e66-b138d5c24de3,THIRD,Oozz,"I, Monster",Horror|Sci-Fi,2024-08-09
5c08563e-1a8d-4461-b7f0-d0104ed3293a,FIFTH,Youfeed,"Nightmare on Elm Street 3: Dream Warriors, A",Horror|Thriller,2024-08-18
4553400b-b70b-44ed-96ab-8ea7889d5028,SEVENTH,Quimba,"Whales of August, The",Drama,2024-05-02
e44d86b6-f642-41d7-a547-fd67e34ac0cb,THIRD,Trilia,"Death of Maria Malibran, The (Der Tod der Maria Malibran)",Comedy|Drama|Fantasy|Musical,2024-07-17
905e55fe-4f8b-4612-9355-8c818cc82723,SECOND,Fivebridge,Global Metal,Documentary,2024-06-05
30dcedcb-602d-49c4-b4cb-932a2c3d6889,SECOND,Skaboo,Easy Virtue,Comedy|Romance,2024-05-23
d228e182-cc43-4780-b6e5-b9dc4237f13f,FIFTH,Thoughtstorm,My Brother Is an Only Child (Mio fratello è figlio unico),Comedy|Crime|Drama,2024-03-12
bc312f61-d6b7-4fa0-84c7-a426392ca1e0,FIRST,Tazzy,"Baby of Mâcon, The (a.k.a. The Baby of Macon)",Drama,2024-08-30
dabffe9e-a950-4ba4-b0f5-1a2f8a1a0902,FIFTH,Twitterworks,24: Redemption,Action|Adventure|Crime|Drama|Thriller,2024-05-04
c2888827-cd5e-4cf3-a992-39c06acfa865,FOURTH,Skibox,Get Educated: Paathshaala,Drama,2024-08-09
f459d6f6-fc2e-4194-87b2-a8df170ac3d9,SEVENTH,Eabox,Not Fade Away,Drama,2024-04-14
0a0d377a-4f1c-4846-ab65-ca7e3bc73427,FIRST,Zoomlounge,Three Wise Men (Kolme viisasta miestä),Drama,2024-06-12
db387d6b-a00e-4a78-88a0-cc466415156b,THIRD,Eamia,Arctic Blast,Sci-Fi|Thriller,2024-04-02
74ed66db-43a6-4049-a512-323a34c9f3e8,SIXTH,Mudo,Chaos,Action|Crime|Drama|Thriller,2024-08-04
66652a91-6c3f-43c3-93c4-42c17de57548,FIRST,Jaxbean,"Dragonphoenix Chronicles: Indomitable, The",Action|Adventure|Fantasy,2024-03-17
5220fe7f-572d-4356-9084-448cc8bf0f75,THIRD,Roomm,Easy to Love,Comedy|Musical|Romance,2024-06-18
0e556a92-4ecd-4fa0-aa99-b10f65cedc96,FIFTH,Devshare,"Doll Squad, The",Action|Thriller,2024-04-07
cfd72eb9-2da7-422e-8080-3a1c6b71539e,FIRST,Eidel,Dragon Inn (Sun lung moon hak chan),Action,2024-03-09
a2d22e9d-5f95-46ad-a861-18a7a32bc3b0,FIFTH,Chatterpoint,Crocodile Dundee II,Action|Adventure|Comedy,2024-06-16
afbeb5a9-8ac9-4b3d-877a-908bce759397,SIXTH,Wikizz,Murder on Flight 502,Drama|Mystery|Thriller,2024-08-21
8e422fb2-4feb-4685-8421-743ade9c3d9e,FIFTH,Flipopia,August: Osage County,Comedy|Drama,2024-07-20
5543d70f-f194-4b0d-ad46-74f39c7c0e93,SECOND,Feedbug,Oklahoma!,Musical|Romance|Western,2024-05-06
e41abdd6-7d9f-4a16-96e1-3d4bf2f54374,FOURTH,Oyope,Slacker 2011,Comedy|Drama,2024-08-08
9b90673b-b092-4001-aaa4-0f589791a54a,FIFTH,Dablist,One A.M.,Comedy,2024-05-10
a601d930-53ff-49a0-af14-1cd98ee688bc,FOURTH,Tagpad,World War Z,Action|Drama|Horror|IMAX,2024-03-03
2373b140-4384-4cea-832f-80cbd490f149,FIFTH,Edgepulse,Berlin 36,Drama,2024-03-19
7ca43dec-d84b-4b29-a7a8-b7c0424c8ffb,THIRD,Voolith,Whores' Glory,Documentary,2024-07-22
ecb74b10-cd45-4fb7-8e4e-341132d55f6a,SIXTH,Linktype,Dallas Buyers Club,Drama,2024-08-03
467f19a7-93cd-4c85-ab66-9ede0b7ae641,SECOND,Jabbersphere,Magic Hunter (Büvös vadász),Drama,2024-08-05
c5de039a-4b7a-4c77-afd9-4b1867c7224f,FOURTH,Skyndu,Little Monsters,Comedy,2024-08-20
5a20259f-4388-4ec5-bb99-ca2b1dca2d03,FIFTH,Jayo,Carmen Miranda: Bananas Is My Business,Documentary,2024-07-07
7089b4d3-b51d-4b79-8f85-d1f1a034eb52,SEVENTH,Devpoint,Step Up,Drama|Romance,2024-03-04
c70a5e32-4c37-4471-91d6-751d917ec47a,SEVENTH,Eimbee,How to Train Your Dragon 2,Action|Adventure|Animation,2024-06-10
1603586e-b14c-488c-9653-4d3bff06fdfd,SIXTH,Tagchat,Kama Sutra: A Tale of Love,Romance,2024-05-08
3f957cf3-0a13-45d0-bf27-c00512f07a24,FIFTH,Shufflebeat,Port of Shadows (Quai des brumes),Drama,2024-06-28
337d1fed-d23f-4d2e-b747-ecaadea0a1ee,SEVENTH,Brightdog,Ballad of the Little Soldier (Ballade vom kleinen Soldaten),Documentary,2024-03-24
79ed5322-04f8-4ee4-8d37-4841557d7fd9,FIFTH,Jayo,Sightseers,Comedy,2024-06-13
662a7c75-604f-494d-a495-d56b2ea40d29,THIRD,Zoombox,"Dog, The",Documentary,2024-08-22
23c46227-3d8d-4d04-b30f-957744f93013,SECOND,Plambee,Address Unknown (Suchwiin bulmyeong),Drama|War,2024-05-11
6c8052ad-ae55-442e-b4c7-2c326f180a30,THIRD,Eire,Martyrs,Horror,2024-08-30
f9526ca1-13b5-4d7b-b787-4c02be62b7fa,FIRST,Blogpad,"Flat, The",Documentary,2024-06-08
e9d96067-9ed3-4e2b-aa4d-d51f20bcb9ff,FIRST,Oyoba,Welcome to the Jungle,Comedy,2024-03-14
fea32c5b-98db-4abc-a593-dd16f9ce1288,THIRD,Yodo,Thrust in Me,(no genres listed),2024-05-20
4a9f1a03-36c1-47e1-9008-461ba2f7b7e5,FIRST,Divanoodle,"Finger, The (Dedo, El)",Comedy,2024-03-29
ec6ba73f-5413-41b1-8aeb-6db04430b05d,SEVENTH,Lazz,Duets,Comedy|Drama,2024-03-29
34036ac2-45ad-40cb-a780-be36739d648e,THIRD,Topicware,Anne of Green Gables,Children|Drama,2024-06-06
adf4d80c-cb22-430c-a4ca-eacc0a39138c,THIRD,Skinix,"Lost, Lost, Lost ",Documentary,2024-05-15
eda8d01f-b21c-40bd-a19b-e126bc23f724,THIRD,Feedfish,"Glenn, the Flying Robot",Sci-Fi,2024-05-14
cd9d4549-9b49-4c74-b404-04c0f74027db,FOURTH,Brainsphere,"Pointe-Courte, La",Drama,2024-06-13
5318d9dc-0a3b-4f52-8f6d-18ced753a48e,FOURTH,Voonder,The Strange Affair,Crime|Drama,2024-07-18
6ce3e473-5ef2-42ff-95c0-3142cea25227,THIRD,Yakijo,Jimmy Neutron: Boy Genius,Adventure|Animation|Children|Comedy,2024-04-11
a860a069-c6fd-4486-b945-2fb6fe998f65,FOURTH,Eire,Speedy,Action|Comedy,2024-07-08
3630c258-0db2-48cf-9788-a48ab5e47f2d,SECOND,Skyble,Beyond the Sea,Drama|Musical,2024-08-28
3b6bfd5b-386f-46d6-b920-e7e6d675746c,FOURTH,Centimia,Christmas Vacation (National Lampoon's Christmas Vacation),Comedy,2024-07-19
aae1c56d-14ef-4212-b9b1-c82e485a8e85,FOURTH,Twinder,Crossing Over,Drama,2024-03-04
7a8b9da4-7874-45d0-a7c4-75379a544ec1,FIRST,Mudo,18 Fingers of Death!,Action|Comedy,2024-07-13
5f41c530-39c2-493c-87b1-b304e2080d82,THIRD,Jaloo,Fun on a Weekend,(no genres listed),2024-03-04
4bb04304-ece9-4be9-8c3f-26a2aba72e3e,THIRD,Vipe,Cheerleader Massacre,Horror|Thriller,2024-03-15
a8def383-3c57-49b8-bae3-abea267a6781,SIXTH,Babblestorm,Passing Fancy (Dekigokoro),Drama,2024-04-10
d4e3e09c-8e66-4871-a0aa-eda867d5cad1,SEVENTH,Ozu,Something to Sing About,Comedy|Musical,2024-06-06
c8f8e6b8-ee06-4dae-b211-e6708c40ffb8,SECOND,Zoomdog,Zatoichi's Flashing Sword (Zatôichi abare tako) (Zatôichi 7),Action|Drama,2024-03-20
463503cf-5ab4-4dac-9aa6-1a03e9b9150b,SEVENTH,Thoughtbridge,Bionicle 3: Web of Shadows,Action|Adventure|Animation|Children,2024-06-24
0848ba35-2167-4448-afa8-8fa058621ec8,SECOND,Devcast,"Detonator, The",Action|Thriller,2024-07-23
b27034ac-1dd8-40f1-ab7a-a3b0de3ead7b,SEVENTH,Buzzdog,Ruins,Documentary,2024-07-22
50b67432-32f2-44fd-b86a-dde1c564dd94,THIRD,Fliptune,Strange Bedfellows,Comedy,2024-05-16
a185655d-1b69-465a-b101-029624f7cb12,FIFTH,Twitterbeat,Men Don't Leave,Drama,2024-05-02
31173559-e7ad-4d3c-a0d7-d1bf125385db,FIFTH,Realblab,Drive Angry,Action|Fantasy|Thriller,2024-06-19
b3621e35-efce-47dc-90ef-0521173f4eeb,SECOND,Quimm,Fly Away,Drama,2024-08-18
98b53fe2-8053-4a32-a702-3aaaf4874be2,SEVENTH,Yodel,Blonde and Blonder,Comedy|Crime,2024-05-08
2119063e-5e3e-48c3-b192-2238c8a58ce2,FIRST,Midel,Mr. Warmth: The Don Rickles Project,Documentary,2024-08-19
928c4c12-7146-4028-af3a-d8e000421ccc,THIRD,Ainyx,"Journey, The (El viaje)",Drama,2024-07-24
22c7ed56-c2ca-494a-a9de-a427ccc34bec,THIRD,Feedmix,Entertaining Angels: The Dorothy Day Story,Drama,2024-03-14
b0f3ba0b-1b6b-42ed-87e3-18de84b5b70b,SIXTH,Yakidoo,Race the Sun,Adventure|Comedy|Drama,2024-05-09
04f469d1-170c-40ff-b4a3-86b4149ba64a,FIFTH,Wikizz,Katy Perry: Part of Me,Documentary|Drama,2024-07-08
9e666fc8-9725-4a39-8b64-f339a6760bb3,SECOND,Kimia,Hurry Sundown,Drama,2024-07-30
ed6b168e-42f4-45ff-9cbc-f6ab3efe88dd,FIFTH,Linklinks,"Unknown Woman, The (La Sconosciuta)",Drama|Mystery|Thriller,2024-05-22
d68ecabf-1281-42e7-aac7-a3f3118fd58c,SECOND,Mycat,Morsian yllättää,Comedy,2024-07-14
ce87b666-6270-4936-bf68-2ca38389f422,SEVENTH,Flipstorm,"Spaghetti West, The",Documentary,2024-06-02
5e3ce741-f3d1-4b69-9fda-dd3f075d55be,FOURTH,Lazz,Gendernauts,Documentary,2024-04-25
5111aaba-84ee-4986-b8d2-d0fc5986f3cd,FIFTH,Thoughtbeat,ID:A,Crime|Thriller,2024-08-05
75f0dce8-daf4-4f22-841f-4b2fd422a660,FIFTH,Topiczoom,After the Fox (Caccia alla volpe),Comedy|Crime,2024-07-16
4352f939-f4e0-4f36-a587-0ccb7f4fdcb0,SECOND,Eayo,Mysterious Origins of Man,Documentary,2024-05-29
a97bab2d-1a1a-4b66-a89d-bf405fd75fcf,FOURTH,Meevee,Hammett,Crime|Mystery,2024-04-06
4fed069f-e895-41a8-aa5a-782be57e1366,THIRD,Gigaclub,Bounce,Drama|Romance,2024-03-19
59f35b5a-c167-4d0e-8641-94056b833c4d,SEVENTH,Linkbuzz,Death Sentence,Drama|Thriller,2024-07-09
964db1fc-87c0-46c6-8ef5-c7af76a1c4d8,SIXTH,Minyx,My Little Eye,Horror|Mystery|Thriller,2024-03-25
e91bbdf5-471b-43c5-baea-bef01c14eef0,SIXTH,Brainbox,Billy the Kid vs. Dracula,Action|Drama|Horror,2024-08-30
53d2b78f-3de1-4486-9dae-faddfb5a5f91,FIRST,Livetube,"Slums of Beverly Hills, The",Comedy|Drama,2024-08-10
c6f2fe6f-8ec2-4f43-b8a0-6975d10091f7,FIFTH,Kare,"Hole, The",Horror|Thriller,2024-05-27
41dc6d4a-de27-43ea-bb18-ed119eaeb55c,SEVENTH,Podcat,Used People,Comedy|Drama,2024-06-15
3cb135c1-a4c9-41da-b698-268a32e423e4,FOURTH,Meejo,Rosie,Drama,2024-03-21
b65835f8-719e-4cd7-be6e-f7883e172306,THIRD,Tambee,I Was a Male War Bride,Comedy|Romance,2024-06-24
16156e10-916f-41ef-be91-245c35f5fa56,FIRST,Zoovu,Sunday,Drama|Romance,2024-04-19
7941ebc3-79dd-4b97-aa8c-1e08790f9a45,SEVENTH,Agimba,Don't Say a Word,Thriller,2024-05-11
f72465b2-f507-42c5-aa61-0c8b4452879e,THIRD,Youfeed,All About the Feathers (Por Las Plumas),Comedy,2024-05-18
708e5e39-d1ab-4c01-926e-602da8e64d01,SIXTH,Edgeblab,Happy Times (Xingfu shiguang),Comedy|Drama,2024-05-15
2897b7d3-86e2-4e07-979a-e696abbfffeb,SIXTH,Riffpedia,"Last Elvis, The (Último Elvis, El)",Drama,2024-06-27
5def7b65-70ce-4a4a-aebf-dfb6023e7ce1,SECOND,Riffwire,Imagine,Drama,2024-04-14
ae585abb-c639-41ce-8b6d-b5c314f91a8e,SEVENTH,Fivechat,"Phantom of the Opera, The",Drama|Musical|Romance,2024-07-03
d78b26f5-948b-4d09-b77c-236e72faff42,FOURTH,Thoughtblab,Shrooms,Horror|Thriller,2024-04-26
04dbf8ec-802c-4e56-baf5-a0865e73b544,FIFTH,Dabfeed,Wild Hogs,Adventure|Comedy,2024-04-13
c3ad162e-1c45-47bc-b368-087a07f2f7f8,SIXTH,Buzzdog,Fury,Drama|Film-Noir,2024-04-16
d7c8e3d9-9cd7-486b-814d-ec4911699f05,SEVENTH,Mybuzz,Sorority Wars,Comedy|Drama,2024-03-15
8ab96970-7840-443e-9cca-64c8ef1ec4cd,FOURTH,Aimbo,Woman Obsessed,Drama|Romance,2024-04-06
041c8ba4-85c7-4eb2-b821-e2bac234e673,THIRD,Jayo,Kabhi Haan Kabhi Naa,Comedy|Drama|Musical|Romance,2024-08-25
4c1d3c76-9827-4eb2-a43e-5a6db9ec10cb,SEVENTH,Jazzy,"South, The (Sur)",Drama,2024-03-15
9e1cf4bf-d13b-48a9-9bb8-708d7c378b56,FOURTH,Browsezoom,Heads,Comedy|Crime,2024-04-10
b83df134-f490-46b5-ae61-89d78373771f,SEVENTH,Leexo,Axed,Drama|Horror|Thriller,2024-06-28
88827311-9900-4bca-8d3d-87ca07321ab8,SEVENTH,Ooba,Malibu High,Comedy|Crime,2024-05-22
2d73591c-29c6-432f-ac30-6de6671041a6,SECOND,Demizz,"Little Night Music, A",Comedy|Musical|Romance,2024-06-25
50b6e092-ef82-44b6-8d30-17d73cab0a27,FIFTH,Vitz,Doctor Strange,Action|Animation|Children|Fantasy|Sci-Fi,2024-03-25
be9cfbb9-b6d9-47a6-8149-a4a38d93871d,SIXTH,Oyoloo,Come Live with Me,Comedy|Romance,2024-04-26
ae7c838a-3e3b-4f52-8a66-27cecd443bd5,SECOND,Livepath,Run Lola Run (Lola rennt),Action|Crime,2024-04-16
587ce24a-4fd8-4d63-b554-0d1394fff1b2,THIRD,Edgepulse,Band of the Hand,Action|Crime|Drama,2024-06-03
50051b83-2594-450f-830e-692929a0ff05,SEVENTH,JumpXS,Love Exposure,Action|Comedy|Drama|Romance,2024-08-30
5206f0f9-0a75-4ecb-bb14-3a3569209747,FIRST,Buzzster,Tabu: A Story of the South Seas,Drama|Romance,2024-03-23
f659862d-3bc9-4bef-96d8-50f9fe61441c,SECOND,Yakidoo,Marat/Sade,Drama|Musical,2024-06-11
9a32fb03-6145-44fc-ad97-c53145d3e2e1,SECOND,Realfire,Outer Space,Animation|Horror,2024-04-19
49e61ce1-a7e9-46b8-9627-e6059f67e6b1,SECOND,Voonix,Lola,Drama|Romance,2024-08-12
1d4d4393-1407-4226-b958-bbb7a789c525,SIXTH,Flashpoint,Lightning Jack,Comedy|Western,2024-06-29
7f9644fc-27a1-4f23-afd7-7471c6754217,THIRD,Flipstorm,Officer Down,Crime|Drama,2024-07-24
2c428611-c4e8-4cab-825d-da03f9d74518,FIFTH,Fatz,But I'm a Cheerleader,Comedy,2024-04-16
c3811e5d-6ec4-4d6b-a739-bb1e133cdf39,FIRST,Skinix,Batman: Assault on Arkham,Action|Animation|Crime|Thriller,2024-03-11
330ca243-41bc-41d3-b5ac-ed67255f4a24,SECOND,Vidoo,5 Broken Cameras,Documentary,2024-06-01
fe191b67-ba0c-43fe-9148-6771ddefe94c,FIFTH,Mydeo,Machete,Action|Adventure|Comedy|Crime|Thriller,2024-08-19
0f7b2cda-47f7-4c54-8598-8871120d67c2,SECOND,Lajo,Cars 2,Adventure|Animation|Children|Comedy|IMAX,2024-03-18
05750dbb-a244-4f4c-a014-91a6c7ac2dad,FIFTH,Meeveo,Kestrel's Eye (Falkens öga),Documentary,2024-04-06
f5f51475-550a-460c-8fff-c0ba21a640b8,FIFTH,Gabcube,Amu,Drama,2024-03-18
5cfabf75-1390-4829-923a-c9a72909faf5,SECOND,Jabbersphere,Hoodwinked Too! Hood vs. Evil,Animation|Comedy,2024-05-19
1bc79030-9c52-4d12-9ba5-711ad09af15f,SEVENTH,Blogpad,Sol ,Sci-Fi,2024-08-17
9456f159-ae60-47d0-a69c-0caf97c7e3c7,SIXTH,Voonte,Cassandra's Dream,Crime|Drama|Thriller,2024-07-01
c9cc03f8-5340-4a8d-812a-cf1608822623,FIFTH,Snaptags,"Ten Shrews, The (Kymmenen riivinrautaa)",Comedy,2024-08-05
6cca3f73-2222-4e8e-90f3-fef50f62fe04,FIFTH,Oyoba,South Pacific,Musical|Romance|War,2024-08-04
a257a3bc-9953-4f81-80dc-2b8c3fbed1fc,SIXTH,Vimbo,Cheech and Chong's Up in Smoke,Comedy,2024-04-04
7f2150d4-4225-4e89-b753-0ec892b6738c,SEVENTH,Yata,Sicily! (Sicilia!),Drama,2024-04-17
020589a6-3c00-4c2d-92d3-0d0d950dfd49,SECOND,Jaxnation,Bhowani Junction,Adventure|Drama|Romance,2024-05-23
35c2e510-4665-4d1c-a9a4-3ddb3c766729,THIRD,Gigazoom,Dr. Ehrlich's Magic Bullet,Drama,2024-06-25
9e1fe92f-2f58-4cb6-81f6-7cebbfe98514,FIRST,Zoomzone,Walk on Water,Drama|Thriller,2024-07-11
845af161-9f45-4173-83da-09c0ba178208,THIRD,Livefish,Cargo,Adventure|Drama|Thriller,2024-06-18
89a3d090-ca82-4935-90ca-283766126bf8,THIRD,Feedmix,"Butcher's Wife, The",Comedy|Romance,2024-03-10
109be86f-b962-48c4-8882-eb96b1ee8bc7,FOURTH,Thoughtmix,Stephanie Daley,Drama,2024-07-01
e3811ddb-b1c4-4ffe-a771-c8340ce1a0f1,FIFTH,Cogidoo,Peep World,Comedy,2024-08-13
98f1a827-74ef-4a79-bdbe-1447e2067db0,SIXTH,Katz,Defying Gravity,Drama,2024-06-02
bf6cf9dc-0687-475a-8f0e-99bb4e89c797,SECOND,Youtags,Prizzi's Honor,Comedy|Drama|Romance,2024-04-15
5ef9bc9a-8c36-4a39-8b33-7965faf3e6ba,THIRD,Cogidoo,Manufacturing Consent: Noam Chomsky and the Media,Documentary|War,2024-03-14
cb58ac83-a2b5-4d5a-9a35-e8e3adfa854f,SEVENTH,Tazzy,Running Out of Time (Am zin),Action|Crime|Drama|Thriller,2024-03-25
75bf5a7a-0058-46c4-81c4-e60b90a36266,FIRST,Edgetag,The Gentleman from Epsom,Comedy|Crime,2024-04-17
f9a7b03e-6b01-418a-ab3e-1e898f2e3c55,FOURTH,Talane,Star Trek: Insurrection,Action|Drama|Romance|Sci-Fi,2024-07-18
d8c75c0b-2bdf-4e04-a204-2bd9e105d132,THIRD,Zazio,"Age of the Earth, The (A Idade da Terra)",(no genres listed),2024-05-19
5d205bb3-71d3-4042-856e-a8e2e5819f25,SECOND,Eire,Under the Bombs,Drama|War,2024-07-09
7893a802-12db-4c51-b91f-64a6b7caf1eb,SIXTH,Jazzy,Tyler Perry's A Madea Christmas,Comedy,2024-05-29
a8d939cf-d922-4686-9b33-3382b33e830b,FIFTH,Zoombeat,Valhalla Rising,Action|Drama|War,2024-06-27
b6a64ae0-f951-4007-933e-e7939729718c,SEVENTH,Thoughtworks,Citizen X,Crime|Drama|Thriller,2024-05-23
92509c3d-3389-404a-925d-5c72a8519c89,SECOND,Meezzy,Carandiru,Crime|Drama,2024-07-26
8b65c84b-4329-40ad-a35f-95c67031e54b,THIRD,Rhynoodle,Moon Child,Action|Drama|Sci-Fi,2024-04-03
14c0fa10-6de0-4882-9d32-e9ffbc76a5ce,SIXTH,Jaxspan,Hit Man,Crime|Drama,2024-05-24
912ae85b-b49d-4ba7-b736-c2461be79468,SEVENTH,Kwilith,Rockers,Comedy|Drama|Musical,2024-03-14
01a28ad6-818b-4fc2-8f00-9325d540524e,FOURTH,Flashspan,Super Duper Alice Cooper,Documentary,2024-03-21
892518e7-1414-4c78-a44b-419e44b7e695,THIRD,Kazu,Little Women,Drama|Romance,2024-08-19
7b488700-33cf-49c3-94e8-7c742c2e5024,FIRST,Rhycero,Storytelling,Comedy|Drama,2024-08-04
24153973-3439-4b79-bc5a-c5bd7c41f28d,FOURTH,Voolia,Jane Austen's Mafia!,Comedy|Crime,2024-07-23
6aec4678-b734-4886-a2ac-b5b57d450e58,FIFTH,Topicblab,Phantasm,Horror|Sci-Fi,2024-08-09
e291998e-f61e-43c7-904a-b324d93e5e58,SECOND,Zoombeat,Goodbye Uncle Tom,Drama,2024-08-07
a954a906-f384-4073-9a4d-2bad0d9423da,FIFTH,Zoozzy,World Trade Center,Drama,2024-05-14
2e9a143a-552a-4890-9596-173717f100cb,SIXTH,Jamia,Palo Alto,Drama,2024-07-13
118d2dcd-e941-4b11-b9b8-05625ccfb8d9,SIXTH,Aimbu,Closed Curtain,(no genres listed),2024-06-12
fc90eeee-778e-413d-824b-b109c12c91cd,SECOND,Oloo,I Dream Too Much,Comedy|Musical|Romance,2024-05-04
94fc7b15-b0d8-4aaf-8e78-204045b00d2a,FIFTH,Tazzy,5th Day of Peace (Dio è con noi),Drama|War,2024-08-18
b8a9dfc7-8a2f-4a9f-8e0f-5561283c2b70,SECOND,Mydeo,"Trial of Billy Jack, The",Action|Drama|Musical,2024-08-11
59dab578-211d-4c9a-9e14-757118efc559,SECOND,Brainverse,Jade Warrior (Jadesoturi),Action|Adventure|Drama,2024-08-09
d6953217-366a-4415-8ef5-92ce0bbbe5da,SECOND,Jaloo,Aragami,Action|Fantasy|Horror,2024-04-17
5e45cf77-5b2f-4606-8c55-934d86469dcb,SIXTH,Meemm,"Firemen's Ball, The (Horí, má panenko)",Comedy|Drama,2024-07-21
1423ce57-a605-40a0-8c01-38cc68db62b3,SECOND,Eazzy,"Far Off Place, A",Adventure|Children|Drama|Romance,2024-07-14
1f01461b-a3bb-4e77-a76d-64f0960ff2ab,SEVENTH,Dynabox,Crazy Kind of Love,Comedy|Drama|Romance,2024-04-15
76d8c75c-83dc-4a90-9a2e-1ee5a521c143,FOURTH,Myworks,"Big Combo, The",Film-Noir,2024-08-15
22d5a4ad-72a2-4075-8978-94ba6f39d709,FOURTH,Cogidoo,"Hunger, The",Horror,2024-07-26
e3f80f77-c7f1-45ad-b600-6199bd61d946,SIXTH,Topiczoom,Rumble Fish,Drama,2024-06-24
80bec7e9-fc27-4558-92d8-bcea742e185f,FOURTH,Bluejam,"Incredible Petrified World, The",Adventure|Sci-Fi,2024-03-28
79178fd7-ba75-45a4-bc76-972fe6c14a0b,SECOND,Skipstorm,J.C. Chávez (a.k.a. Chavez),Documentary,2024-04-02
492beea1-c412-4a6d-a971-f9faa8ca31dc,FIFTH,Camido,Faithless (Trolösa),Drama|Romance,2024-06-24
955154a0-8ee0-4f06-b077-f5832d681ab8,SEVENTH,Photobean,"Tarnished Angels, The",Drama,2024-04-28
54593911-e18c-483b-82f5-75495f99bb70,FIRST,Jaloo,Cargo,Adventure|Drama|Thriller,2024-07-07
59c8619b-bb6c-4b16-98d8-4d239fc7efc2,SECOND,Wikizz,Love! Valour! Compassion!,Drama|Romance,2024-05-01
8b44f117-a24c-4013-bd7e-df1485cabe17,SECOND,Realfire,Gidget,Comedy,2024-03-19
2760baa6-07ad-4faf-a188-ff03872e75f0,SEVENTH,Avamba,Seven Beauties (Pasqualino Settebellezze),Comedy|Drama,2024-04-19
aa817fe2-b413-4787-9b7f-9e31e4bed319,SIXTH,Buzzshare,"Thrushes Are Still Singing, The (Ta kourelia tragoudane akoma...)",Adventure|Crime|Drama,2024-03-02
ed8c4a54-77c3-4fac-931d-d1dc7b334cb6,SEVENTH,Divavu,Halloweentown II: Kalabar's Revenge,Adventure|Children|Comedy|Drama|Fantasy,2024-08-02
57893715-635d-4855-8c4f-e81cac4e5e29,FIFTH,Jazzy,"Play It Again, Sam",Comedy|Romance,2024-04-11
85534be8-253e-4759-98f2-098c12acb138,FIRST,Skyba,Nothing But the Truth,Drama|Thriller,2024-08-29
bb60ff1c-046e-43f3-b415-fd30a5e5c554,FIRST,DabZ,Madigan,Crime|Drama,2024-03-28
0926918d-39d8-40cb-b4b5-cf28009df312,SEVENTH,Trilia,What Maisie Knew,Drama,2024-05-21
f1bc99b6-47f6-4d74-94fd-64849fa95e47,SEVENTH,Zooxo,"Statues Also Die (Statues meurent aussi, Les)",Documentary,2024-06-24
d922d400-065e-45c9-854b-72c9ca665def,THIRD,Avaveo,Belle époque,Comedy|Romance,2024-07-05
38d68d46-eb50-4559-a143-e6e7dd1e5b39,FIFTH,Einti,"Easy Life, The (Il Sorpasso)",Comedy|Drama,2024-07-23
e6867dce-ad89-4c78-b7e8-d6a98185aafe,FIFTH,Roomm,Drum,Thriller,2024-05-29
a6bd468f-00ed-4831-ab92-beb1c8b18bbd,FIRST,Jabberstorm,Rebirth of Mothra,Action|Fantasy|Sci-Fi,2024-05-08
55bd0b91-762a-40f0-ac94-5ecf726eed0e,SIXTH,Skynoodle,The First Movie,Documentary,2024-05-31
4ec5e203-6555-4745-8681-519cf56d5eda,FIRST,Teklist,Tulpan,Comedy|Drama,2024-06-22
9f5dc95d-fa18-4d19-aefc-5bacfb38c311,SEVENTH,Kamba,Aerial Gunner,Drama|War,2024-05-16
fe387c71-1fee-4d7b-873f-823f3f4d4c6b,FIFTH,Fatz,Redemption: The Stan Tookie Williams Story,Crime|Documentary|Drama,2024-07-24
83fa364f-8865-4a49-b226-ef1db369bb09,FIFTH,Browseblab,Voodoo Dawn,Horror,2024-05-26
20952753-fb40-48d8-8cc4-88e08a037014,FOURTH,Eidel,Traffic (Trafic),Comedy,2024-04-22
a5f90c80-27ff-4026-827b-49601f9eaa84,FIFTH,Skynoodle,"Man from Elysian Fields, The",Drama,2024-06-26
9de572e6-b0b0-4927-b8de-de5fad59f28e,THIRD,Plambee,He's Just Not That Into You,Comedy|Drama|Romance,2024-08-28
917ff0b5-f89a-48ab-90b1-e6141032a4ba,SECOND,Ntag,Sweetwater,Thriller|Western,2024-04-22
e969bf30-005d-4635-8514-6884007c742c,SEVENTH,Camido,Along Came Jones,Comedy|Romance|Western,2024-04-28
a2fab6fe-2c4a-4ea8-b2c6-7604993ac1b5,THIRD,Trilia,Outpost,Action|Horror,2024-05-03
be01c8aa-301a-4484-8afd-c3d3db646e2b,THIRD,Jaloo,Trees Lounge,Drama,2024-08-07
1d802578-e3e2-43a5-9f74-0fbd49664b20,FIRST,Avaveo,Three Crowns of the Sailor (Les trois couronnes du matelot),Drama|Fantasy,2024-05-11
a3c2e31d-18e1-4655-8330-ee88ecbfff8e,FIFTH,Eadel,Secret Reunion (Ui-hyeong-je),Drama|Thriller,2024-04-05
b58b92d4-c7a8-4a0d-b4b9-c9dedd5a473a,FIFTH,Jazzy,Bring It On,Comedy,2024-05-22
58398182-7ad1-46fb-a2f2-983e483f9cb6,FOURTH,Voonte,Breaker Morant,Drama|War,2024-06-07
1ad89071-3c1b-4d4d-be30-2cf815f2ab3f,FIRST,Rhyloo,Winning Streak,Drama,2024-06-04
969d960a-22bb-48f2-803e-df83b03dc7ba,FOURTH,Rooxo,I Like Killing Flies,Documentary,2024-03-02
b2ff392b-53aa-4174-bfe0-6e4984115b9a,FOURTH,Dabjam,"Corrina, Corrina",Comedy|Drama|Romance,2024-04-09
706e9d00-0982-4010-85ab-e727be8fea87,SEVENTH,Yakitri,Scum,Crime|Drama,2024-08-09
2f063160-c13a-4ba3-a022-cd943dc8013a,FIFTH,Jabbercube,"Haunting, The",Horror|Thriller,2024-07-16
48c44d77-28df-44c1-884f-68ed159d28c8,THIRD,Trudoo,Catch and Release,Comedy|Drama|Romance,2024-05-02
f12854b9-74cb-47e9-a39e-15eae0a7cf87,SIXTH,Skajo,Doughboys,Comedy|War,2024-06-09
d7e700a9-4d10-4a85-a7a4-f7286bf76f2c,THIRD,Fanoodle,Bronco Billy,Adventure|Drama|Romance,2024-04-16
25ebd6a5-5b61-44a3-b825-729343a44f2e,FIRST,Wordpedia,Get Carter,Action|Crime|Drama|Thriller,2024-03-27
7c7018d6-1e24-4d1a-8171-0bf0dee71dea,FIFTH,Trudeo,Black Rock,Horror|Thriller,2024-07-25
5f604fdf-95a5-4e4b-810e-8fdd520b264b,FOURTH,Brainlounge,"Final Season, The",Drama,2024-08-14
b19e9ee1-a7c7-4923-aa9e-d6de3de12dfc,FIRST,Zoombox,Dragon (Wu Xia),Action|Drama,2024-06-06
8235abf2-4d89-4dd5-9e91-67afd8a4d80f,FIRST,Edgepulse,Harakiri (Seppuku),Drama,2024-03-27
22efd6dc-e432-46c1-9019-1aa10504e28b,FOURTH,Quire,Captain Kidd,Action|Adventure|Drama,2024-06-21
165d46fd-82fc-4494-9985-463390188e09,SIXTH,Skyndu,Millennium,Drama|Sci-Fi|Thriller,2024-08-21
6da97edc-8ee2-487d-ac33-6b032a21e424,FIRST,Topiclounge,J.C. Chávez (a.k.a. Chavez),Documentary,2024-03-27
09b301b2-9379-4f2c-9aa7-d1124133af77,SECOND,Wikibox,Tenacious D in The Pick of Destiny,Adventure|Comedy|Musical,2024-07-21
51004828-a1b3-4bbe-9c5b-722cc9b370ff,FOURTH,Chatterpoint,"Unknown Woman, The (La Sconosciuta)",Drama|Mystery|Thriller,2024-07-07
f0d17584-71b1-4e4b-ad2f-ed1ee2a8e27f,SIXTH,Quamba,The Great Alligator,Horror,2024-06-08
c2c67b1f-cdab-4578-ab1b-121be76f4c4d,FOURTH,Npath,"Spiral Staircase, The",Thriller,2024-04-15
13101270-e747-47b9-82ed-629bb34ba61b,FOURTH,Plajo,Dead Ahead: The Exxon Valdez Disaster,Drama,2024-04-07
f644d206-5e7b-4586-8a73-319d141582a9,SEVENTH,DabZ,2010: Moby Dick,Action|Adventure|Thriller,2024-08-25
2a2a6868-c7d5-46b6-aa46-42539c397b25,SECOND,Zoomcast,Rabbit Test,Comedy,2024-04-25
7bf9d4cd-ae39-4a9b-9ad9-45fcaa17af56,FOURTH,Trunyx,Cameron's Closet,Horror,2024-03-06
5a4aef8f-c235-465d-9b5c-d205f050c6ef,THIRD,Kimia,"Criminal, The (a.k.a. Concrete Jungle)",Crime|Drama,2024-03-11
c3ebd7df-c5b4-47a0-b4e8-798a38b918ba,SIXTH,Youfeed,"Dark Half, The",Horror|Mystery,2024-06-20
07daab38-30d9-434d-9504-b9835c174085,SECOND,Pixope,"Protector, The (a.k.a. Warrior King) (Tom yum goong)",Action|Comedy|Crime|Thriller,2024-08-04
63c2ab96-3276-4d4b-89d0-745cfc2691df,SECOND,Trudeo,Widows' Peak,Drama,2024-08-10
781ad6d4-fc5a-415d-9cca-bb6834e31afa,THIRD,Dabvine,Thunderball,Action|Adventure|Thriller,2024-05-16
924f4c64-4ff5-4635-8169-f896c99e5693,SECOND,Gigazoom,"Stranger Among Us, A",Crime|Drama|Romance,2024-06-11
b10cae17-c551-4853-87e6-312eb7e639c2,FOURTH,Pixoboo,"Pearl, The (La perla)",Adventure|Drama|Romance,2024-08-20
e294c017-4bb6-4ba1-883f-6d3f218e0614,FIFTH,Einti,She-Devil,Comedy,2024-06-09
d636441e-27b2-4e62-a858-461b7230bc5f,FIRST,Muxo,Garden Lovers (Eedenistä pohjoiseen),Documentary,2024-07-07
99d0776d-862f-4f77-9440-e58b082aa514,THIRD,Devcast,"Hedgehog, The (Le hérisson)",Comedy|Drama,2024-06-17
2201ed25-ad58-4322-b0ec-7b39215b43fa,SIXTH,Browsecat,Child Bride,Drama,2024-08-17
3d699063-ea9c-4b1f-88f1-30cc51b48370,THIRD,Feedspan,Reconstruction,Drama|Romance,2024-04-21
5be59408-e61f-4e8d-9bba-fe3ab5eced14,FOURTH,Skivee,Margin Call,Drama|Thriller,2024-04-07
6cf9332f-be85-4026-b79c-74efc159926a,SEVENTH,Roombo,Megamind,Action|Animation|Children|Comedy|Sci-Fi|IMAX,2024-04-13
14712dc2-d72c-4586-91b0-81f2b146e6e3,FOURTH,Realmix,Moulin Rouge,Drama|Musical|Romance,2024-06-24
59951262-2395-4add-920b-14e8f82fdfea,FOURTH,Lazzy,Look Back in Anger,Drama,2024-04-16
8bcf0cfc-47e4-42f5-b0c5-e1b290ad6de9,FIRST,Photofeed,Springsteen & I,Documentary,2024-03-03
37eb6132-fd4f-4079-9724-d12af5d3ddc6,THIRD,Browsebug,MVP: Most Valuable Primate,Comedy,2024-05-30
3a6d603c-330f-4a0a-a849-d0b798470528,SIXTH,Realmix,Pyaar Ka Punchnama,Comedy|Drama|Romance,2024-06-24
e6ebedda-bad3-4003-a398-50cb1b20137d,FOURTH,Avavee,"Now, Voyager",Drama|Romance,2024-07-26
0e2ee713-a246-46de-8f38-3fff33f78f87,FIFTH,Pixoboo,Invisible Agent,Adventure|Comedy|Sci-Fi|Thriller|War,2024-05-29
9a756fe7-39fc-413c-aa63-40d647fcef60,SIXTH,Reallinks,Red Salute,Comedy|Romance,2024-06-14
be18fe76-ccc0-465a-bec4-ee0c23d0fa2e,SEVENTH,Kwinu,"Holy Girl, The (Niña santa, La)",Drama,2024-07-08
a7d6154b-98c4-423f-934c-a5e49ac20c2d,FIFTH,Skyble,Snake-Crane Secret (She hao dan xin zhen jiu zhou),Action|Drama,2024-04-25
f76e798c-bc1a-4ae3-8aea-715d58928eaa,SIXTH,Eabox,Fatty Drives the Bus,Comedy,2024-07-06
420dd7c9-4ae4-4746-b7ff-538d108f17ce,SIXTH,Flashset,Ice Princess,Children|Comedy|Drama,2024-08-12
ca585a5e-cff1-4266-bb58-afda06d6912a,FIRST,Livepath,"Pointe-Courte, La",Drama,2024-04-09
690ac8d4-ee4e-4576-8275-1c916bfb5940,SECOND,Ntags,Mr. Brooks,Crime|Drama|Thriller,2024-07-03
d67bafbd-e65b-4ee2-a512-f30211d41482,SEVENTH,Janyx,Jesus Camp,Documentary|Drama,2024-08-07
976ad4a7-b3be-4672-b535-13ce241b615b,SECOND,Yakijo,Starry Eyes,Horror,2024-07-13
8a937d6d-92cc-4704-ab35-2a307b4acdb5,SEVENTH,Eire,Silent Night,Horror,2024-06-30
95a27612-3677-4c0b-a1ab-00d0dfc8eca7,SEVENTH,Wordify,"Cry, The (Grido, Il)",Drama,2024-04-13
a70e2ed2-765c-41a1-b8ed-05555bb43e36,SECOND,Skippad,Night Flier,Horror,2024-06-10
411a7462-9eaf-46c5-af84-266aba373736,THIRD,Skajo,Mumia Abu-Jamal: A Case for Reasonable Doubt?,Documentary,2024-05-02
bf08dff0-7ddb-4865-9508-1393267c7cc5,FIFTH,Minyx,Recollections of the Yellow House (Recordações da Casa Amarela),Comedy|Drama,2024-04-02
0b48ca2c-6a44-41b9-b06e-15701920ea14,THIRD,Wikivu,Avatar,Action|Adventure|Sci-Fi|IMAX,2024-07-08
2c098075-76c6-447c-bc37-0e61be784367,SEVENTH,Minyx,The Diary of Anne Frank,Drama|War,2024-04-08
becb1713-ac18-4e10-badf-bcaba491acdf,SIXTH,Blognation,Flow,Documentary,2024-06-30
80d84ece-95a0-46d8-ab94-9c9b39f1bc10,SIXTH,Cogibox,Alexander,Action|Adventure|Drama|War,2024-07-31
eccd9d0c-9748-40fb-9de7-0123fa3cb85f,FOURTH,Thoughtblab,Darling Companion,Drama,2024-03-28
0b06023b-14e7-4343-bbad-c0d563ad15a6,THIRD,Midel,Leaving Las Vegas,Drama|Romance,2024-08-26
c540b812-de1c-4e5a-a771-1d18c8168fe3,FIRST,Zoonder,Gung Ho,Comedy|Drama,2024-03-22
30ce16f3-70fc-4e56-a2f8-16e3b83f6fe3,THIRD,Reallinks,Hangin' with the Homeboys,Comedy|Drama,2024-03-14
68346fac-5efe-4aef-a0c5-f7114f0b2545,THIRD,Oyondu,"Manta, Manta",Comedy,2024-04-10
29516542-256e-40a6-8f86-309e6841bba9,FOURTH,Devpoint,Plastic Bag,Drama,2024-04-25
c45a16df-0223-4674-892b-6629b9763585,SECOND,Flipopia,"One I Love, The",Comedy|Drama|Romance,2024-05-07
5b14af57-550e-4b1e-aecc-74af9ff87c8d,FIRST,Oozz,My Boyfriend's Back,Comedy,2024-06-25
278efaa9-1e8b-4b1a-9679-8ebe3969c282,FIFTH,Oyope,Them!,Horror|Sci-Fi|Thriller,2024-08-09
463347c9-7009-4a07-ab64-a65310f3e6b9,THIRD,Cogibox,"River, The",Drama,2024-05-03
a126963b-a7d6-41eb-9989-f13d1061b4c8,FIRST,Tazz,Carolina Moon,Drama|Mystery|Romance,2024-04-11
b2acf1c1-1c03-4a8f-bb71-00b2cf73fd8c,SIXTH,Browsecat,"Mosquito Net, The (La mosquitera)",Drama,2024-05-20
45152011-4663-438b-a212-94212a66aa95,SEVENTH,Topicshots,Colossal Youth (Juventude Em Marcha),Drama,2024-04-08
95589666-9013-4710-a746-b961abd3c850,FIFTH,Yakitri,"Toxic Avenger Part III: The Last Temptation of Toxie, The",Comedy|Horror,2024-04-10
9f9fcf07-55a9-4c1d-a8b6-3f9a46346fb8,THIRD,Jabbercube,Stingray Sam,Comedy|Musical|Sci-Fi|Western,2024-05-28
6f0f19f1-86ff-42fa-b031-b8af405f7029,THIRD,Gabvine,Breathing Fire,Action,2024-05-04
06dfa7fe-9ce3-4bf3-a119-34dcf43d7f75,THIRD,Kwilith,Double Tide,Documentary,2024-05-02
78df1654-38fd-45c0-9b32-096da8ef436e,FIRST,Skynoodle,Hoodwinked Too! Hood vs. Evil,Animation|Comedy,2024-03-17
e18c6aa5-66fe-4fa3-850c-af739a94e113,FOURTH,Topicblab,"Breed Apart, A",Action|Drama,2024-05-15
cea111fa-a262-46cf-890c-7ef141ee6add,FIFTH,Geba,Glitter,Drama|Musical|Romance,2024-07-02
ba08d750-37d4-4224-83d3-2574eeb72305,SEVENTH,Jabbersphere,"Quiet Earth, The",Drama|Mystery|Sci-Fi,2024-07-25
2de430f9-f408-400b-aa51-241c2d8d0656,FIRST,Topicblab,Bully,Documentary,2024-08-15
6ab7a425-f822-4023-90e6-dd9aa3722e1c,SEVENTH,Mynte,"Last Command, The",Drama|War,2024-08-14
1f21ea39-7764-45ba-9490-69f5777f89d3,FIRST,Feedspan,Spontaneous Combustion,Horror|Sci-Fi|Thriller,2024-03-16
bba2a546-a3f1-46bc-9737-3cff6ee953d6,FOURTH,Meembee,Butterfield 8,Drama,2024-08-16
102fc5e4-778d-42cc-a2d6-0775405822a1,SIXTH,Gigaclub,Rock 'N' Roll High School,Comedy|Musical,2024-06-07
49f5105b-8f9c-4b71-a668-f5e4844cb40d,FOURTH,Lazz,Red White & Blue,Drama|Mystery|Romance,2024-08-17
12c9fd77-0b67-4f74-8f2a-648eebc2db05,SEVENTH,Jaxnation,Romeo Is Bleeding,Crime|Thriller,2024-07-02
1ce687af-9d76-4af0-a994-23d6dd446f9c,SEVENTH,Leexo,Robin Hood,Adventure|Romance,2024-07-15
7ecbc35f-c8d7-454a-9cd2-6fcc5f79addb,FIFTH,Yamia,"Redes (Fishermen's Nets) (Wave, The)",Drama,2024-05-20
2f042e84-2903-45af-a2f8-d3d901d58409,SECOND,Browsetype,"Longest Day, The",Action|Drama|War,2024-06-30
f96db949-b7eb-43c7-b646-b97709e492c9,SECOND,Zava,Ju-on: The Curse,Horror,2024-05-30
4d927c16-e10e-4e19-a40e-ec8c82a0d16f,FOURTH,Rhyzio,"Natural, The",Drama,2024-05-02
9d482202-eace-413d-92ce-121e692759f5,FIFTH,Dabvine,Zero de conduite (Zero for Conduct) (Zéro de conduite: Jeunes diables au collège),Comedy|Drama,2024-05-03
169d82ad-ef5a-4f35-9ae1-54f7fddd206e,SIXTH,Divanoodle,The Periwig-Maker,Animation,2024-06-03
ef363fad-1d71-4326-a5e2-4171b69e96ce,SEVENTH,Photofeed,Victor Sjöström: Ett porträtt,Documentary,2024-05-04
dc99af51-bad5-443f-8596-1c53363457da,FIRST,Shuffledrive,Blood: The Last Vampire,Action|Animation|Horror,2024-03-21
58783894-3d4b-4ee7-a3bd-5dba3557e1f0,FIRST,Jazzy,Only the Strong Survive - A Celebration of Soul,Documentary|Musical,2024-07-09
6256a89a-bf11-4fac-8deb-321521497a85,FOURTH,Tagtune,Rockabilly Vampire,Comedy|Horror,2024-06-03
8c067796-47da-4722-aee6-636334ffde26,FIRST,Brainlounge,Billy Madison,Comedy,2024-05-17
26b43da7-6a9d-4215-8492-6d36f3c58126,THIRD,Tanoodle,Infernal Affairs 2 (Mou gaan dou II),Action|Crime|Drama|Thriller,2024-08-12
75b8b8f8-598c-4962-916d-f57793b08d91,FIFTH,Gabvine,Going to Kansas City,Drama|Romance|Thriller,2024-03-12
1d5e7652-9da5-430a-b4dd-b83fb4faf2ad,FIFTH,Feednation,Weekender,Drama,2024-04-14
353f7762-6242-46dc-9fd8-37370bc30212,THIRD,Thoughtsphere,Loft (Rofuto),Horror,2024-08-20
de0ff1b8-b48c-4a0a-a3c8-a1cdb23e1e74,FOURTH,Yakidoo,Whisky,Comedy|Drama,2024-08-07
5c620605-06eb-4958-9ea7-5135475e2795,SECOND,Muxo,Printed Rainbow,Adventure|Animation|Fantasy,2024-07-22
1c2072c8-3e7c-448e-a67b-d6e56dca1c96,SIXTH,Voonte,Nothing to Lose,Action|Adventure|Comedy|Crime,2024-04-25
447a2a34-cd5a-4c6a-8cc8-0e1accb4f4a9,SECOND,Oyope,Going All the Way,Comedy|Drama,2024-04-01
589ae9d1-8a76-4d47-bf47-50b7e3118ee5,FOURTH,Fivespan,"Cab for Three, A (Taxi para tres)",Action|Comedy|Crime|Drama,2024-07-18
78dbb4f5-080a-45fc-91ae-5abbbc46f940,FOURTH,Riffpath,Cheech and Chong's Animated Movie,Animation|Comedy,2024-05-08
388c8251-9699-4f86-90af-971d413b62db,FOURTH,Divanoodle,"Code, The (Mentale, La)",Action|Crime|Thriller,2024-06-27
6cb701f2-82b4-4959-a91e-1c9060548a81,FOURTH,Buzzshare,All Passion Spent,Drama,2024-06-03
9d5ab372-fc26-4e5d-b79f-288ee37d8366,SIXTH,Zoovu,Medicine for Melancholy,Drama|Romance,2024-08-18
7ba1d7df-c33f-460c-8fdc-14445c5a21fa,SIXTH,Bubblemix,Raajneeti,Crime|Drama|Romance,2024-05-03
98ee682d-4fbe-4871-98c7-12175ad1a204,SECOND,Jabbertype,American Gun,Drama,2024-03-07
5ec253f0-bb5d-424a-87a5-31e3ca697bc0,FOURTH,Eazzy,"Wild and Wonderful Whites of West Virginia, The",Documentary,2024-08-28
fb5dbb88-3cee-4d8c-a37f-b8342569499d,SEVENTH,Eimbee,Waterloo,Action|Drama|War,2024-03-03
14a4fe0b-1ecc-46e5-9ce0-cbe88ea5e623,THIRD,Trudeo,How to Eat Your Watermelon in White Company (and Enjoy It),Documentary,2024-07-19
119a795c-0254-4996-881a-67e8a111d0ec,FOURTH,Yamia,Born to Win,Drama,2024-03-02
1093006a-a4ee-44ec-8b5a-e77001b93f0e,SIXTH,Katz,"Borrowers, The",Adventure|Children|Fantasy,2024-04-11
6c55c38f-a605-419a-937d-4dcba71996da,THIRD,Rhybox,Daddy Day Camp,Children|Comedy,2024-08-22
46a25980-0419-4a6e-b2a3-9cb19a628ef7,THIRD,Zoombox,Jerusalema (Gangster's Paradise: Jerusalema),Action|Crime|Drama,2024-08-27
3a0c919c-9893-470c-af0b-6cb7d2af279f,SEVENTH,Twiyo,Instructions Not Included (No se Aceptan Devoluciones),Comedy|Drama,2024-05-13
abd31292-848a-4c93-9cd3-77e77dd62259,THIRD,Demimbu,Cirque du Soleil: Worlds Away,Fantasy|IMAX,2024-06-07
16fdab5f-aa72-4fcc-a6f6-8c47a8c582e4,THIRD,Thoughtworks,Guest House Paradiso,Comedy|Thriller,2024-04-16
7c75b02f-31b3-4687-9664-f6b7690582ee,FIRST,Tavu,Mustalaishurmaaja,Drama|Romance,2024-05-09
83eb7e5c-9594-40bf-bc9e-d66baf149635,THIRD,Linkbuzz,Believe Me,Comedy|Drama,2024-05-30
1792cf1d-aaa3-4a70-a169-0a324a8c4067,THIRD,Linkbridge,Intact (Intacto),Thriller,2024-07-20
f51d2c5f-452f-4d65-8617-c49f655b73d2,SIXTH,Lazz,Epitaph,Horror,2024-08-26
d5db3663-074a-4ffa-8e55-020ce99241ba,FIRST,Jaxnation,"Bridge, The",Documentary,2024-08-06
72f0f204-b3ab-4443-9927-b2c11cb89ccf,SIXTH,Pixoboo,Whipped,Comedy,2024-03-24
9812d251-8cfc-4a27-9252-4c09163779ba,THIRD,Realbuzz,Three Way,Crime|Drama|Thriller,2024-07-06
20ba41b9-3c1f-46ca-8fbd-5243c1db9f3a,SECOND,Jazzy,Night of the Living Dead 3D,Adventure|Comedy|Fantasy|Horror,2024-08-12
e5357219-435b-4b14-aae5-60e7b599a645,SEVENTH,Mynte,Castle on the Hudson,Crime|Drama,2024-08-25
0a782eaf-8969-48c3-94c5-c65ba287d498,SEVENTH,Realfire,Rage of Angels,Action|Adventure|Drama|Romance,2024-03-24
959358c2-871e-4bc2-be8b-f065f46533f5,FOURTH,Brainbox,Mein Kampf,Comedy|Drama,2024-06-10
d43222ba-3c06-44e4-98a2-8bbd61dd386e,SECOND,Kanoodle,Lola (Twinky) (London Affair),Comedy|Drama|Romance,2024-04-07
a5e4ad73-8fd4-42ed-ba95-8c4978abc693,SECOND,Brainbox,Games of Love and Chance (L'esquive),Drama|Romance,2024-07-09
08a8338e-1ba0-40d9-a7f7-02478b2455bf,SIXTH,Gigabox,"Godless Girl, The",Drama,2024-05-27
47df91d7-ef89-440a-918e-4d018b4c683b,FIRST,Twitterworks,Wieners,Comedy,2024-07-22
e5b36fa3-a08d-4f3e-872c-8b6067dfb6f6,FIRST,Omba,"Sorry, Haters",Drama|Thriller,2024-05-28
38fbdd00-6830-4cfa-bdeb-6e8ce2f62dc8,FIFTH,Flipstorm,"Same Love, Same Rain (El mismo amor, la misma lluvia)",Comedy|Drama|Romance,2024-06-25
6b7d896e-5f7e-4365-984d-2f56de638a56,SECOND,Linktype,Bird on a Wire,Action|Comedy|Romance,2024-04-05
be779ee2-d6c5-4544-b6b9-31ea98dba7fd,SEVENTH,Feednation,"Mississippi Mermaid (Sirène du Mississipi, La)",Crime|Drama|Romance,2024-07-20
5e6993ea-43a2-4f1b-9da2-d97e96e21ff1,SECOND,Twitterbeat,Do We Really Need the Moon?,Documentary,2024-08-07
29508bdd-c6a0-410d-b9d1-e4f1e956d333,FIFTH,Feedbug,Forever,Documentary,2024-07-29
18466952-f2d9-43e3-a16a-2bbc778fb1ab,FOURTH,Dynabox,Asylum,Romance|Thriller,2024-03-02
757c709a-76f3-4e6b-8cc4-6dc0bc337510,SIXTH,Wikido,Star Wars: Threads of Destiny,Action|Adventure|Sci-Fi,2024-07-21
7bec89be-eeb7-421c-85bb-ef9b107466a5,FIRST,Camido,"Russell Peters: Red, White and Brown",Comedy|Documentary,2024-04-05
b11a673d-d64b-4932-9ef8-88f7ce5dee90,FIRST,Plajo,Clash of the Titans,Action|Adventure|Drama|Fantasy,2024-05-21
a545e89a-dd5d-4dc5-b1ae-d30646b11d78,FIRST,Blogspan,Bo Burnham: what.,Comedy,2024-04-18
90186ece-0718-44b7-96c7-d3852bb41b27,FIRST,Skilith,I Know That Voice,Documentary,2024-07-30
0260acdb-0b51-4d8c-855e-0182cdaf92c5,SECOND,Wikibox,"Hitchhiker's Guide to the Galaxy, The",Adventure|Comedy|Sci-Fi,2024-05-22
845f9de9-26f0-410f-bed6-e1329c82ef39,SECOND,Babbleset,"Story of the Weeping Camel, The (Geschichte vom weinenden Kamel, Die)",Documentary|Drama,2024-06-06
1981948f-4575-4b44-a46f-51101ae47dfc,SIXTH,Zava,Arn: The Knight Templar (Arn - Tempelriddaren),Action|Adventure|Drama|Romance|War,2024-06-14
b11a190b-4832-40e4-9f97-15651d1b1b18,FIRST,Ainyx,Guy,Drama,2024-04-28
26dbb2b2-d37c-4294-a9eb-75436216842d,FIFTH,Tavu,Never Let Me Go,Drama|Romance|Sci-Fi,2024-07-09
df203efa-12f1-4103-8b24-24c099ccd8da,FOURTH,Wikibox,Six Days,Documentary,2024-04-06
ba89c468-c224-4b08-b9e2-855616b6668f,THIRD,Bubblemix,The Violent Professionals,Crime|Drama,2024-04-01
22382c97-3201-462c-bb45-c5d5c345d692,SIXTH,Gigabox,"Incredible Shrinking Man, The",Sci-Fi|Thriller,2024-04-27
9f52be0f-4ced-4cf3-8c7e-eed47082a639,FOURTH,Izio,Accattone,Drama,2024-03-21
33819f2c-8b48-46e1-90f3-b761bd4bc8fb,SIXTH,Zoozzy,All the Boys Love Mandy Lane,Horror|Mystery|Thriller,2024-08-21
0cdd59fb-a50d-43bf-a8c7-03a9038c6680,THIRD,Oyoyo,Armour of God (Long xiong hu di),Action|Adventure|Comedy,2024-05-14
